#
# There is insufficient memory for the Java Runtime Environment to continue.
# Native memory allocation (mmap) failed to map 284164096 bytes. Error detail: G1 virtual space
# Possible reasons:
#   The system is out of physical RAM or swap space
#   This process is running with CompressedOops enabled, and the Java Heap may be blocking the growth of the native heap
# Possible solutions:
#   Reduce memory load on the system
#   Increase physical memory or swap space
#   Check if swap backing store is full
#   Decrease Java heap size (-Xmx/-Xms)
#   Decrease number of Java threads
#   Decrease Java thread stack sizes (-Xss)
#   Set larger code cache with -XX:ReservedCodeCacheSize=
#   JVM is running with Unscaled Compressed Oops mode in which the Java heap is
#     placed in the first 4GB address space. The Java Heap base address is the
#     maximum limit for the native heap growth. Please use -XX:HeapBaseMinAddress
#     to set the Java Heap base and to place the Java Heap above 4GB virtual address.
# This output file may be truncated or incomplete.
#
#  Out of Memory Error (os_windows.cpp:3630), pid=6688, tid=19352
#
# JRE version: OpenJDK Runtime Environment Temurin-17.0.20+8 (17.0.20+8) (build 17.0.20+8)
# Java VM: OpenJDK 64-Bit Server VM Temurin-17.0.20+8 (17.0.20+8, mixed mode, sharing, tiered, compressed oops, compressed class ptrs, g1 gc, windows-amd64)
# No core dump will be written. Minidumps are not enabled by default on client versions of Windows
#

---------------  S U M M A R Y ------------

Command Line: --add-opens=java.base/java.lang=ALL-UNNAMED --add-opens=java.base/java.lang.invoke=ALL-UNNAMED --add-opens=java.base/java.util=ALL-UNNAMED --add-opens=java.prefs/java.util.prefs=ALL-UNNAMED --add-exports=jdk.compiler/com.sun.tools.javac.api=ALL-UNNAMED --add-exports=jdk.compiler/com.sun.tools.javac.util=ALL-UNNAMED --add-opens=java.base/java.util=ALL-UNNAMED --add-opens=java.prefs/java.util.prefs=ALL-UNNAMED --add-opens=java.base/java.nio.charset=ALL-UNNAMED --add-opens=java.base/java.net=ALL-UNNAMED --add-opens=java.base/java.util.concurrent.atomic=ALL-UNNAMED --add-opens=java.xml/javax.xml.namespace=ALL-UNNAMED -Xmx2048m -Dfile.encoding=UTF-8 -Duser.country=US -Duser.language=en -Duser.variant -javaagent:C:\Users\abcd\.gradle\wrapper\dists\gradle-8.13-bin\5xuhj0ry160q40clulazy9h7d\gradle-8.13\lib\agents\gradle-instrumentation-agent-8.13.jar org.gradle.launcher.daemon.bootstrap.GradleDaemon 8.13

Host: 11th Gen Intel(R) Core(TM) i7-1185G7 @ 3.00GHz, 8 cores, 15G,  Windows 11 , 64 bit Build 26100 (10.0.26100.8875)
Time: Mon Aug 10 01:30:06 2026 Pakistan Standard Time elapsed time: 69.366052 seconds (0d 0h 1m 9s)

---------------  T H R E A D  ---------------

Current thread (0x0000024b276ada70):  VMThread "VM Thread" [stack: 0x000000a37dd00000,0x000000a37de00000] [id=19352]

Stack: [0x000000a37dd00000,0x000000a37de00000]
Native frames: (J=compiled Java code, j=interpreted, Vv=VM code, C=native code)
V  [jvm.dll+0x684d39]
V  [jvm.dll+0x83a565]
V  [jvm.dll+0x83bfde]
V  [jvm.dll+0x83c663]
V  [jvm.dll+0x2490cf]
V  [jvm.dll+0x681af9]
V  [jvm.dll+0x6768ba]
V  [jvm.dll+0x309467]
V  [jvm.dll+0x310a56]
V  [jvm.dll+0x360f3e]
V  [jvm.dll+0x36117d]
V  [jvm.dll+0x2e04ec]
V  [jvm.dll+0x2de8c2]
V  [jvm.dll+0x2de05c]
V  [jvm.dll+0x320cab]
V  [jvm.dll+0x840e7d]
V  [jvm.dll+0x841bb3]
V  [jvm.dll+0x8420df]
V  [jvm.dll+0x8424c5]
V  [jvm.dll+0x84258e]
V  [jvm.dll+0x7eb17c]
V  [jvm.dll+0x683c07]
C  [ucrtbase.dll+0x2cd30]
C  [KERNEL32.DLL+0x2e957]
C  [ntdll.dll+0xaad6c]

VM_Operation (0x000000a3074fa3c0): G1CollectForAllocation, mode: safepoint, requested by thread 0x0000024b7063ae20


---------------  P R O C E S S  ---------------

Threads class SMR info:
_java_thread_list=0x0000024b6feb8b30, length=136, elements={
0x0000024b091cf260, 0x0000024b276b5b60, 0x0000024b276b6630, 0x0000024b276c7230,
0x0000024b276c9b10, 0x0000024b276ca3e0, 0x0000024b276d3cd0, 0x0000024b276fbe00,
0x0000024b27785fa0, 0x0000024b277968c0, 0x0000024b2769af90, 0x0000024b279e32a0,
0x0000024b6dfa15f0, 0x0000024b6e430100, 0x0000024b6eb32220, 0x0000024b6ed9f680,
0x0000024b6ed9d5c0, 0x0000024b6ebe3020, 0x0000024b6ebe20f0, 0x0000024b6ebe3530,
0x0000024b6ebe2b10, 0x0000024b6ebe3a40, 0x0000024b6ebe1be0, 0x0000024b6ebe3f50,
0x0000024b6ebe4460, 0x0000024b6ebe4970, 0x0000024b6ebe11c0, 0x0000024b6ebe16d0,
0x0000024b6f1aa270, 0x0000024b6f1adf30, 0x0000024b6f1ac5e0, 0x0000024b6f1aa780,
0x0000024b6f1ad000, 0x0000024b6f1acaf0, 0x0000024b6f796690, 0x0000024b6f7984f0,
0x0000024b6f797fe0, 0x0000024b6f79a350, 0x0000024b6f79ad70, 0x0000024b6f798a00,
0x0000024b6f799e40, 0x0000024b6f79a860, 0x0000024b6f79b280, 0x0000024b6f797ad0,
0x0000024b6f79b790, 0x0000024b6f79bca0, 0x0000024b6f79c1b0, 0x0000024b6f79c6c0,
0x0000024b6f79cbd0, 0x0000024b6f799420, 0x0000024b6f79d0e0, 0x0000024b6f799930,
0x0000024b6f79d5f0, 0x0000024b6f79db00, 0x0000024b7d52c570, 0x0000024b7d52e3d0,
0x0000024b7d530230, 0x0000024b7d530740, 0x0000024b74ab6810, 0x0000024b74ab7230,
0x0000024b74ab7740, 0x0000024b74ab8670, 0x0000024b74ab58e0, 0x0000024b7df65440,
0x0000024b7df66370, 0x0000024b7df65950, 0x0000024b7df65e60, 0x0000024b7df635e0,
0x0000024b7df66880, 0x0000024b7df64000, 0x0000024b7df630d0, 0x0000024b7df66d90,
0x0000024b7df672a0, 0x0000024b7df64510, 0x0000024b7df677b0, 0x0000024b7df67cc0,
0x0000024b7df64a20, 0x0000024b7df6a030, 0x0000024b7df681d0, 0x0000024b7df686e0,
0x0000024b7df68bf0, 0x0000024b7df6a540, 0x0000024b7df69b20, 0x0000024b7df64f30,
0x0000024b7dcdb640, 0x0000024b7dcdac20, 0x0000024b7dcdbb50, 0x0000024b7dcdc060,
0x0000024b7dcdb130, 0x0000024b7dcdca80, 0x0000024b7dcd92d0, 0x0000024b7dcdcf90,
0x0000024b7dcd97e0, 0x0000024b7dcdf300, 0x0000024b7dcde8e0, 0x0000024b7dcdd4a0,
0x0000024b7dcddec0, 0x0000024b7dcde3d0, 0x0000024b7dce0230, 0x0000024b7dcdedf0,
0x0000024b7dcdf810, 0x0000024b7dcdfd20, 0x0000024b72632560, 0x0000024b72632f80,
0x0000024b7262fce0, 0x0000024b72631b40, 0x0000024b72632050, 0x0000024b726301f0,
0x0000024b72630700, 0x0000024b72630c10, 0x0000024b7dcd8dc0, 0x0000024b7dcda200,
0x0000024b7dcda710, 0x0000024b7d532090, 0x0000024b70635d20, 0x0000024b706339b0,
0x0000024b706348e0, 0x0000024b70635300, 0x0000024b70636c50, 0x0000024b70636230,
0x0000024b70633ec0, 0x0000024b70635810, 0x0000024b70636740, 0x0000024b706334a0,
0x0000024b70637160, 0x0000024b70637670, 0x0000024b70637b80, 0x0000024b706385a0,
0x0000024b70634df0, 0x0000024b70638fc0, 0x0000024b7063ae20, 0x0000024b706394d0,
0x0000024b70638ab0, 0x0000024b7063a910, 0x0000024b73586d40, 0x0000024b735897c0
}

Java Threads: ( => current thread )
  0x0000024b091cf260 JavaThread "main" [_thread_blocked, id=5016, stack(0x000000a37d700000,0x000000a37d800000)]
  0x0000024b276b5b60 JavaThread "Reference Handler" daemon [_thread_blocked, id=3548, stack(0x000000a37de00000,0x000000a37df00000)]
  0x0000024b276b6630 JavaThread "Finalizer" daemon [_thread_blocked, id=16480, stack(0x000000a37df00000,0x000000a37e000000)]
  0x0000024b276c7230 JavaThread "Signal Dispatcher" daemon [_thread_blocked, id=1544, stack(0x000000a37e000000,0x000000a37e100000)]
  0x0000024b276c9b10 JavaThread "Attach Listener" daemon [_thread_blocked, id=16452, stack(0x000000a37e100000,0x000000a37e200000)]
  0x0000024b276ca3e0 JavaThread "Service Thread" daemon [_thread_blocked, id=12704, stack(0x000000a37e200000,0x000000a37e300000)]
  0x0000024b276d3cd0 JavaThread "Monitor Deflation Thread" daemon [_thread_blocked, id=6004, stack(0x000000a37e300000,0x000000a37e400000)]
  0x0000024b276fbe00 JavaThread "C2 CompilerThread0" daemon [_thread_blocked, id=4024, stack(0x000000a37e400000,0x000000a37e500000)]
  0x0000024b27785fa0 JavaThread "C1 CompilerThread0" daemon [_thread_blocked, id=18984, stack(0x000000a37e500000,0x000000a37e600000)]
  0x0000024b277968c0 JavaThread "Sweeper thread" daemon [_thread_blocked, id=12388, stack(0x000000a37e600000,0x000000a37e700000)]
  0x0000024b2769af90 JavaThread "Common-Cleaner" daemon [_thread_blocked, id=18564, stack(0x000000a37e700000,0x000000a37e800000)]
  0x0000024b279e32a0 JavaThread "Notification Thread" daemon [_thread_blocked, id=4256, stack(0x000000a37e800000,0x000000a37e900000)]
  0x0000024b6dfa15f0 JavaThread "Daemon health stats" [_thread_blocked, id=11448, stack(0x000000a37f100000,0x000000a37f200000)]
  0x0000024b6e430100 JavaThread "Incoming local TCP Connector on port 52935" [_thread_in_native, id=18628, stack(0x000000a37f200000,0x000000a37f300000)]
  0x0000024b6eb32220 JavaThread "Daemon periodic checks" [_thread_blocked, id=8108, stack(0x000000a37f300000,0x000000a37f400000)]
  0x0000024b6ed9f680 JavaThread "Daemon" [_thread_blocked, id=2912, stack(0x000000a37f400000,0x000000a37f500000)]
  0x0000024b6ed9d5c0 JavaThread "Handler for socket connection from /127.0.0.1:52935 to /127.0.0.1:52936" [_thread_in_native, id=2788, stack(0x000000a37f500000,0x000000a37f600000)]
  0x0000024b6ebe3020 JavaThread "Cancel handler" [_thread_blocked, id=14476, stack(0x000000a37f600000,0x000000a37f700000)]
  0x0000024b6ebe20f0 JavaThread "Daemon worker" [_thread_blocked, id=17216, stack(0x000000a37f700000,0x000000a37f800000)]
  0x0000024b6ebe3530 JavaThread "Asynchronous log dispatcher for DefaultDaemonConnection: socket connection from /127.0.0.1:52935 to /127.0.0.1:52936" [_thread_blocked, id=18676, stack(0x000000a37f800000,0x000000a37f900000)]
  0x0000024b6ebe2b10 JavaThread "Stdin handler" [_thread_blocked, id=16588, stack(0x000000a37f900000,0x000000a37fa00000)]
  0x0000024b6ebe3a40 JavaThread "Daemon client event forwarder" [_thread_blocked, id=4520, stack(0x000000a37fa00000,0x000000a37fb00000)]
  0x0000024b6ebe1be0 JavaThread "Cache worker for journal cache (C:\Users\abcd\.gradle\caches\journal-1)" [_thread_blocked, id=10124, stack(0x000000a37fb00000,0x000000a37fc00000)]
  0x0000024b6ebe3f50 JavaThread "File lock request listener" [_thread_in_native, id=17684, stack(0x000000a37fc00000,0x000000a37fd00000)]
  0x0000024b6ebe4460 JavaThread "Cache worker for file hash cache (C:\Users\abcd\.gradle\caches\8.13\fileHashes)" [_thread_blocked, id=17044, stack(0x000000a37fd00000,0x000000a37fe00000)]
  0x0000024b6ebe4970 JavaThread "Cache worker for file hash cache (D:\party-games\.gradle\8.13\fileHashes)" [_thread_blocked, id=17880, stack(0x000000a37fe00000,0x000000a37ff00000)]
  0x0000024b6ebe11c0 JavaThread "Cache worker for Build Output Cleanup Cache (D:\party-games\.gradle\buildOutputCleanup)" [_thread_blocked, id=11532, stack(0x000000a37ff00000,0x000000a380000000)]
  0x0000024b6ebe16d0 JavaThread "File watcher server" daemon [_thread_blocked, id=13616, stack(0x000000a300300000,0x000000a300400000)]
  0x0000024b6f1aa270 JavaThread "File watcher consumer" daemon [_thread_blocked, id=13620, stack(0x000000a300400000,0x000000a300500000)]
  0x0000024b6f1adf30 JavaThread "Cache worker for checksums cache (D:\party-games\.gradle\8.13\checksums)" [_thread_blocked, id=1752, stack(0x000000a300500000,0x000000a300600000)]
  0x0000024b6f1ac5e0 JavaThread "Cache worker for file content cache (C:\Users\abcd\.gradle\caches\8.13\fileContent)" [_thread_blocked, id=3852, stack(0x000000a300600000,0x000000a300700000)]
  0x0000024b6f1aa780 JavaThread "Cache worker for cache directory md-supplier (C:\Users\abcd\.gradle\caches\8.13\md-supplier)" [_thread_blocked, id=12640, stack(0x000000a300e00000,0x000000a300f00000)]
  0x0000024b6f1ad000 JavaThread "Cache worker for cache directory md-rule (C:\Users\abcd\.gradle\caches\8.13\md-rule)" [_thread_blocked, id=18500, stack(0x000000a300f00000,0x000000a301000000)]
  0x0000024b6f1acaf0 JavaThread "Kotlin DSL Writer" [_thread_blocked, id=16888, stack(0x000000a301100000,0x000000a301200000)]
  0x0000024b6f796690 JavaThread "Unconstrained build operations" [_thread_blocked, id=10272, stack(0x000000a301000000,0x000000a301100000)]
  0x0000024b6f7984f0 JavaThread "Unconstrained build operations Thread 2" [_thread_blocked, id=18244, stack(0x000000a301200000,0x000000a301300000)]
  0x0000024b6f797fe0 JavaThread "Unconstrained build operations Thread 3" [_thread_blocked, id=12036, stack(0x000000a301300000,0x000000a301400000)]
  0x0000024b6f79a350 JavaThread "Unconstrained build operations Thread 4" [_thread_blocked, id=18008, stack(0x000000a301400000,0x000000a301500000)]
  0x0000024b6f79ad70 JavaThread "Unconstrained build operations Thread 5" [_thread_blocked, id=18180, stack(0x000000a301500000,0x000000a301600000)]
  0x0000024b6f798a00 JavaThread "Unconstrained build operations Thread 6" [_thread_blocked, id=15224, stack(0x000000a301600000,0x000000a301700000)]
  0x0000024b6f799e40 JavaThread "Unconstrained build operations Thread 7" [_thread_blocked, id=10680, stack(0x000000a301700000,0x000000a301800000)]
  0x0000024b6f79a860 JavaThread "Unconstrained build operations Thread 8" [_thread_blocked, id=8212, stack(0x000000a301900000,0x000000a301a00000)]
  0x0000024b6f79b280 JavaThread "Unconstrained build operations Thread 9" [_thread_blocked, id=18992, stack(0x000000a301a00000,0x000000a301b00000)]
  0x0000024b6f797ad0 JavaThread "Unconstrained build operations Thread 10" [_thread_blocked, id=9644, stack(0x000000a301b00000,0x000000a301c00000)]
  0x0000024b6f79b790 JavaThread "Unconstrained build operations Thread 11" [_thread_blocked, id=12304, stack(0x000000a301c00000,0x000000a301d00000)]
  0x0000024b6f79bca0 JavaThread "Unconstrained build operations Thread 12" [_thread_blocked, id=3992, stack(0x000000a301d00000,0x000000a301e00000)]
  0x0000024b6f79c1b0 JavaThread "Unconstrained build operations Thread 13" [_thread_blocked, id=17896, stack(0x000000a301e00000,0x000000a301f00000)]
  0x0000024b6f79c6c0 JavaThread "Unconstrained build operations Thread 14" [_thread_blocked, id=16524, stack(0x000000a301f00000,0x000000a302000000)]
  0x0000024b6f79cbd0 JavaThread "Unconstrained build operations Thread 15" [_thread_blocked, id=18584, stack(0x000000a302000000,0x000000a302100000)]
  0x0000024b6f799420 JavaThread "Unconstrained build operations Thread 16" [_thread_blocked, id=19200, stack(0x000000a302100000,0x000000a302200000)]
  0x0000024b6f79d0e0 JavaThread "Unconstrained build operations Thread 17" [_thread_blocked, id=13452, stack(0x000000a302200000,0x000000a302300000)]
  0x0000024b6f799930 JavaThread "Unconstrained build operations Thread 18" [_thread_blocked, id=11020, stack(0x000000a302300000,0x000000a302400000)]
  0x0000024b6f79d5f0 JavaThread "Unconstrained build operations Thread 19" [_thread_blocked, id=14872, stack(0x000000a302400000,0x000000a302500000)]
  0x0000024b6f79db00 JavaThread "Unconstrained build operations Thread 20" [_thread_blocked, id=584, stack(0x000000a302500000,0x000000a302600000)]
  0x0000024b7d52c570 JavaThread "Unconstrained build operations Thread 21" [_thread_blocked, id=19008, stack(0x000000a302600000,0x000000a302700000)]
  0x0000024b7d52e3d0 JavaThread "Memory manager" [_thread_blocked, id=16952, stack(0x000000a301800000,0x000000a301900000)]
  0x0000024b7d530230 JavaThread "Problems report writer" [_thread_blocked, id=12588, stack(0x000000a302800000,0x000000a302900000)]
  0x0000024b7d530740 JavaThread "build event listener" [_thread_blocked, id=18488, stack(0x000000a302700000,0x000000a302800000)]
  0x0000024b74ab6810 JavaThread "included builds" [_thread_blocked, id=19424, stack(0x000000a302c00000,0x000000a302d00000)]
  0x0000024b74ab7230 JavaThread "Execution worker" [_thread_blocked, id=8892, stack(0x000000a302d00000,0x000000a302e00000)]
  0x0000024b74ab7740 JavaThread "Execution worker Thread 2" [_thread_blocked, id=12908, stack(0x000000a302e00000,0x000000a302f00000)]
  0x0000024b74ab8670 JavaThread "Execution worker Thread 3" [_thread_blocked, id=15192, stack(0x000000a302f00000,0x000000a303000000)]
  0x0000024b74ab58e0 JavaThread "Execution worker Thread 4" [_thread_blocked, id=17284, stack(0x000000a303000000,0x000000a303100000)]
  0x0000024b7df65440 JavaThread "Execution worker Thread 5" [_thread_blocked, id=6160, stack(0x000000a303100000,0x000000a303200000)]
  0x0000024b7df66370 JavaThread "Execution worker Thread 6" [_thread_blocked, id=18812, stack(0x000000a303200000,0x000000a303300000)]
  0x0000024b7df65950 JavaThread "Execution worker Thread 7" [_thread_blocked, id=13880, stack(0x000000a303300000,0x000000a303400000)]
  0x0000024b7df65e60 JavaThread "Cache worker for execution history cache (D:\party-games\.gradle\8.13\executionHistory)" [_thread_blocked, id=8608, stack(0x000000a303400000,0x000000a303500000)]
  0x0000024b7df635e0 JavaThread "Unconstrained build operations Thread 22" [_thread_blocked, id=6844, stack(0x000000a302900000,0x000000a302a00000)]
  0x0000024b7df66880 JavaThread "Unconstrained build operations Thread 23" [_thread_blocked, id=16304, stack(0x000000a303500000,0x000000a303600000)]
  0x0000024b7df64000 JavaThread "Unconstrained build operations Thread 24" [_thread_blocked, id=18416, stack(0x000000a303600000,0x000000a303700000)]
  0x0000024b7df630d0 JavaThread "Unconstrained build operations Thread 25" [_thread_blocked, id=16672, stack(0x000000a303700000,0x000000a303800000)]
  0x0000024b7df66d90 JavaThread "Unconstrained build operations Thread 26" [_thread_blocked, id=4712, stack(0x000000a303800000,0x000000a303900000)]
  0x0000024b7df672a0 JavaThread "Unconstrained build operations Thread 27" [_thread_blocked, id=15256, stack(0x000000a303900000,0x000000a303a00000)]
  0x0000024b7df64510 JavaThread "Unconstrained build operations Thread 28" [_thread_blocked, id=12128, stack(0x000000a303a00000,0x000000a303b00000)]
  0x0000024b7df677b0 JavaThread "WorkerExecutor Queue" [_thread_blocked, id=9236, stack(0x000000a300d00000,0x000000a300e00000)]
  0x0000024b7df67cc0 JavaThread "Unconstrained build operations Thread 29" [_thread_blocked, id=12236, stack(0x000000a303c00000,0x000000a303d00000)]
  0x0000024b7df64a20 JavaThread "Unconstrained build operations Thread 30" [_thread_blocked, id=18864, stack(0x000000a303d00000,0x000000a303e00000)]
  0x0000024b7df6a030 JavaThread "Unconstrained build operations Thread 31" [_thread_blocked, id=3036, stack(0x000000a303e00000,0x000000a303f00000)]
  0x0000024b7df681d0 JavaThread "Unconstrained build operations Thread 32" [_thread_blocked, id=14640, stack(0x000000a303f00000,0x000000a304000000)]
  0x0000024b7df686e0 JavaThread "Unconstrained build operations Thread 33" [_thread_blocked, id=10420, stack(0x000000a304000000,0x000000a304100000)]
  0x0000024b7df68bf0 JavaThread "Unconstrained build operations Thread 34" [_thread_blocked, id=15384, stack(0x000000a304100000,0x000000a304200000)]
  0x0000024b7df6a540 JavaThread "Unconstrained build operations Thread 35" [_thread_blocked, id=17716, stack(0x000000a304200000,0x000000a304300000)]
  0x0000024b7df69b20 JavaThread "WorkerExecutor Queue Thread 2" [_thread_blocked, id=11776, stack(0x000000a304400000,0x000000a304500000)]
  0x0000024b7df64f30 JavaThread "WorkerExecutor Queue Thread 3" [_thread_blocked, id=18452, stack(0x000000a304500000,0x000000a304600000)]
  0x0000024b7dcdb640 JavaThread "WorkerExecutor Queue Thread 7" [_thread_blocked, id=19308, stack(0x000000a304900000,0x000000a304a00000)]
  0x0000024b7dcdac20 JavaThread "WorkerExecutor Queue Thread 8" [_thread_blocked, id=8812, stack(0x000000a304a00000,0x000000a304b00000)]
  0x0000024b7dcdbb50 JavaThread "Unconstrained build operations Thread 36" [_thread_blocked, id=5364, stack(0x000000a304b00000,0x000000a304c00000)]
  0x0000024b7dcdc060 JavaThread "Unconstrained build operations Thread 37" [_thread_blocked, id=17468, stack(0x000000a304c00000,0x000000a304d00000)]
  0x0000024b7dcdb130 JavaThread "Unconstrained build operations Thread 38" [_thread_blocked, id=10084, stack(0x000000a304d00000,0x000000a304e00000)]
  0x0000024b7dcdca80 JavaThread "Unconstrained build operations Thread 39" [_thread_blocked, id=13328, stack(0x000000a304e00000,0x000000a304f00000)]
  0x0000024b7dcd92d0 JavaThread "Unconstrained build operations Thread 40" [_thread_blocked, id=19160, stack(0x000000a304f00000,0x000000a305000000)]
  0x0000024b7dcdcf90 JavaThread "Unconstrained build operations Thread 41" [_thread_blocked, id=15924, stack(0x000000a305000000,0x000000a305100000)]
  0x0000024b7dcd97e0 JavaThread "Unconstrained build operations Thread 42" [_thread_blocked, id=9184, stack(0x000000a305100000,0x000000a305200000)]
  0x0000024b7dcdf300 JavaThread "Unconstrained build operations Thread 43" [_thread_blocked, id=19332, stack(0x000000a305200000,0x000000a305300000)]
  0x0000024b7dcde8e0 JavaThread "Unconstrained build operations Thread 44" [_thread_blocked, id=19428, stack(0x000000a305300000,0x000000a305400000)]
  0x0000024b7dcdd4a0 JavaThread "Unconstrained build operations Thread 45" [_thread_blocked, id=2588, stack(0x000000a305400000,0x000000a305500000)]
  0x0000024b7dcddec0 JavaThread "Unconstrained build operations Thread 46" [_thread_blocked, id=6588, stack(0x000000a304300000,0x000000a304400000)]
  0x0000024b7dcde3d0 JavaThread "Unconstrained build operations Thread 47" [_thread_blocked, id=19364, stack(0x000000a305500000,0x000000a305600000)]
  0x0000024b7dce0230 JavaThread "Unconstrained build operations Thread 48" [_thread_blocked, id=8960, stack(0x000000a305600000,0x000000a305700000)]
  0x0000024b7dcdedf0 JavaThread "Unconstrained build operations Thread 49" [_thread_blocked, id=10672, stack(0x000000a305700000,0x000000a305800000)]
  0x0000024b7dcdf810 JavaThread "Unconstrained build operations Thread 50" [_thread_blocked, id=16964, stack(0x000000a305800000,0x000000a305900000)]
  0x0000024b7dcdfd20 JavaThread "Unconstrained build operations Thread 51" [_thread_blocked, id=9440, stack(0x000000a305900000,0x000000a305a00000)]
  0x0000024b72632560 JavaThread "Unconstrained build operations Thread 52" [_thread_blocked, id=2324, stack(0x000000a305a00000,0x000000a305b00000)]
  0x0000024b72632f80 JavaThread "Unconstrained build operations Thread 53" [_thread_blocked, id=5664, stack(0x000000a305c00000,0x000000a305d00000)]
  0x0000024b7262fce0 JavaThread "Unconstrained build operations Thread 54" [_thread_blocked, id=4768, stack(0x000000a305d00000,0x000000a305e00000)]
  0x0000024b72631b40 JavaThread "Unconstrained build operations Thread 55" [_thread_blocked, id=7112, stack(0x000000a305e00000,0x000000a305f00000)]
  0x0000024b72632050 JavaThread "Unconstrained build operations Thread 56" [_thread_blocked, id=8744, stack(0x000000a305f00000,0x000000a306000000)]
  0x0000024b726301f0 JavaThread "Unconstrained build operations Thread 57" [_thread_blocked, id=13884, stack(0x000000a306000000,0x000000a306100000)]
  0x0000024b72630700 JavaThread "Unconstrained build operations Thread 58" [_thread_blocked, id=2704, stack(0x000000a306100000,0x000000a306200000)]
  0x0000024b72630c10 JavaThread "Unconstrained build operations Thread 59" [_thread_blocked, id=4800, stack(0x000000a306200000,0x000000a306300000)]
  0x0000024b7dcd8dc0 JavaThread "WorkerExecutor Queue Thread 9" [_thread_blocked, id=16608, stack(0x000000a306300000,0x000000a306400000)]
  0x0000024b7dcda200 JavaThread "Unconstrained build operations Thread 60" [_thread_blocked, id=16792, stack(0x000000a306400000,0x000000a306500000)]
  0x0000024b7dcda710 JavaThread "Unconstrained build operations Thread 61" [_thread_blocked, id=6396, stack(0x000000a306500000,0x000000a306600000)]
  0x0000024b7d532090 JavaThread "Unconstrained build operations Thread 62" [_thread_blocked, id=11104, stack(0x000000a306600000,0x000000a306700000)]
  0x0000024b70635d20 JavaThread "Unconstrained build operations Thread 63" [_thread_blocked, id=8696, stack(0x000000a306700000,0x000000a306800000)]
  0x0000024b706339b0 JavaThread "Unconstrained build operations Thread 64" [_thread_blocked, id=18264, stack(0x000000a306800000,0x000000a306900000)]
  0x0000024b706348e0 JavaThread "Unconstrained build operations Thread 65" [_thread_blocked, id=12084, stack(0x000000a306900000,0x000000a306a00000)]
  0x0000024b70635300 JavaThread "Unconstrained build operations Thread 66" [_thread_blocked, id=15896, stack(0x000000a306a00000,0x000000a306b00000)]
  0x0000024b70636c50 JavaThread "WorkerExecutor Queue Thread 10" [_thread_blocked, id=18556, stack(0x000000a303b00000,0x000000a303c00000)]
  0x0000024b70636230 JavaThread "WorkerExecutor Queue Thread 11" [_thread_blocked, id=8496, stack(0x000000a304600000,0x000000a304700000)]
  0x0000024b70633ec0 JavaThread "Unconstrained build operations Thread 67" [_thread_blocked, id=3672, stack(0x000000a304700000,0x000000a304800000)]
  0x0000024b70635810 JavaThread "Unconstrained build operations Thread 68" [_thread_blocked, id=17064, stack(0x000000a305b00000,0x000000a305c00000)]
  0x0000024b70636740 JavaThread "Unconstrained build operations Thread 69" [_thread_blocked, id=11216, stack(0x000000a306b00000,0x000000a306c00000)]
  0x0000024b706334a0 JavaThread "Unconstrained build operations Thread 70" [_thread_blocked, id=13728, stack(0x000000a306c00000,0x000000a306d00000)]
  0x0000024b70637160 JavaThread "Unconstrained build operations Thread 71" [_thread_blocked, id=7132, stack(0x000000a306d00000,0x000000a306e00000)]
  0x0000024b70637670 JavaThread "Unconstrained build operations Thread 72" [_thread_blocked, id=8232, stack(0x000000a306e00000,0x000000a306f00000)]
  0x0000024b70637b80 JavaThread "Unconstrained build operations Thread 73" [_thread_blocked, id=16984, stack(0x000000a306f00000,0x000000a307000000)]
  0x0000024b706385a0 JavaThread "Unconstrained build operations Thread 74" [_thread_blocked, id=4680, stack(0x000000a307100000,0x000000a307200000)]
  0x0000024b70634df0 JavaThread "Unconstrained build operations Thread 75" [_thread_blocked, id=6936, stack(0x000000a307200000,0x000000a307300000)]
  0x0000024b70638fc0 JavaThread "Unconstrained build operations Thread 76" [_thread_blocked, id=17256, stack(0x000000a307300000,0x000000a307400000)]
  0x0000024b7063ae20 JavaThread "Unconstrained build operations Thread 77" [_thread_blocked, id=15408, stack(0x000000a307400000,0x000000a307500000)]
  0x0000024b706394d0 JavaThread "Unconstrained build operations Thread 78" [_thread_blocked, id=7188, stack(0x000000a307500000,0x000000a307600000)]
  0x0000024b70638ab0 JavaThread "Unconstrained build operations Thread 79" [_thread_blocked, id=16992, stack(0x000000a307600000,0x000000a307700000)]
  0x0000024b7063a910 JavaThread "Unconstrained build operations Thread 80" [_thread_blocked, id=13636, stack(0x000000a307700000,0x000000a307800000)]
  0x0000024b73586d40 JavaThread "C2 CompilerThread1" daemon [_thread_blocked, id=18940, stack(0x000000a304800000,0x000000a304900000)]
  0x0000024b735897c0 JavaThread "C2 CompilerThread2" daemon [_thread_blocked, id=8876, stack(0x000000a307000000,0x000000a307100000)]

Other Threads:
=>0x0000024b276ada70 VMThread "VM Thread" [stack: 0x000000a37dd00000,0x000000a37de00000] [id=19352]
  0x0000024b27926440 WatcherThread [stack: 0x000000a37e900000,0x000000a37ea00000] [id=5152]
  0x0000024b0922d080 GCTaskThread "GC Thread#0" [stack: 0x000000a37d800000,0x000000a37d900000] [id=1500]
  0x0000024b6d0e29a0 GCTaskThread "GC Thread#1" [stack: 0x000000a37ec00000,0x000000a37ed00000] [id=8728]
  0x0000024b6d4bf1d0 GCTaskThread "GC Thread#2" [stack: 0x000000a37ed00000,0x000000a37ee00000] [id=7204]
  0x0000024b6d284160 GCTaskThread "GC Thread#3" [stack: 0x000000a37ee00000,0x000000a37ef00000] [id=11460]
  0x0000024b6d0a00f0 GCTaskThread "GC Thread#4" [stack: 0x000000a37ef00000,0x000000a37f000000] [id=13992]
  0x0000024b6d0a03b0 GCTaskThread "GC Thread#5" [stack: 0x000000a37f000000,0x000000a37f100000] [id=12140]
  0x0000024b6f2f3820 GCTaskThread "GC Thread#6" [stack: 0x000000a300000000,0x000000a300100000] [id=3064]
  0x0000024b708addb0 GCTaskThread "GC Thread#7" [stack: 0x000000a300100000,0x000000a300200000] [id=13536]
  0x0000024b0923dee0 ConcurrentGCThread "G1 Main Marker" [stack: 0x000000a37d900000,0x000000a37da00000] [id=18016]
  0x0000024b0923e810 ConcurrentGCThread "G1 Conc#0" [stack: 0x000000a37da00000,0x000000a37db00000] [id=8888]
  0x0000024b708acff0 ConcurrentGCThread "G1 Conc#1" [stack: 0x000000a300200000,0x000000a300300000] [id=2648]
  0x0000024b0927e290 ConcurrentGCThread "G1 Refine#0" [stack: 0x000000a37db00000,0x000000a37dc00000] [id=11280]
  0x0000024b73ccfa70 ConcurrentGCThread "G1 Refine#1" [stack: 0x000000a300700000,0x000000a300800000] [id=16972]
  0x0000024b73cceeb0 ConcurrentGCThread "G1 Refine#2" [stack: 0x000000a300800000,0x000000a300900000] [id=13580]
  0x0000024b73cd0340 ConcurrentGCThread "G1 Refine#3" [stack: 0x000000a300900000,0x000000a300a00000] [id=9972]
  0x0000024b73ccf1a0 ConcurrentGCThread "G1 Refine#4" [stack: 0x000000a300a00000,0x000000a300b00000] [id=1404]
  0x0000024b73cd17d0 ConcurrentGCThread "G1 Refine#5" [stack: 0x000000a300b00000,0x000000a300c00000] [id=18404]
  0x0000024b73cd2390 ConcurrentGCThread "G1 Refine#6" [stack: 0x000000a300c00000,0x000000a300d00000] [id=17144]
  0x0000024b0927ea70 ConcurrentGCThread "G1 Service" [stack: 0x000000a37dc00000,0x000000a37dd00000] [id=10056]

Threads with active compile tasks:
C2 CompilerThread0  69400 33574       4       com.android.tools.r8.internal.yA::A (350 bytes)
C2 CompilerThread1  69400 33658       4       com.android.tools.r8.internal.s9::a (1719 bytes)
C2 CompilerThread2  69400 33702       4       com.android.tools.r8.internal.tA::a (595 bytes)

VM state: at safepoint (normal execution)

VM Mutex/Monitor currently owned by a thread:  ([mutex/lock_event])
[0x0000024b091caab0] Threads_lock - owner thread: 0x0000024b276ada70
[0x0000024b091c9940] Heap_lock - owner thread: 0x0000024b7063ae20

Heap address: 0x0000000080000000, size: 2048 MB, Compressed Oops mode: 32-bit

CDS archive(s) mapped at: [0x0000024b28000000-0x0000024b28bb0000-0x0000024b28bb0000), size 12255232, SharedBaseAddress: 0x0000024b28000000, ArchiveRelocationMode: 1.
Compressed class space mapped at: 0x0000024b29000000-0x0000024b69000000, reserved size: 1073741824
Narrow klass base: 0x0000024b28000000, Narrow klass shift: 0, Narrow klass range: 0x100000000

GC Precious Log:
 CPUs: 8 total, 8 available
 Memory: 16087M
 Large Page Support: Disabled
 NUMA Support: Disabled
 Compressed Oops: Enabled (32-bit)
 Heap Region Size: 1M
 Heap Min Capacity: 8M
 Heap Initial Capacity: 252M
 Heap Max Capacity: 2G
 Pre-touch: Disabled
 Parallel Workers: 8
 Concurrent Workers: 2
 Concurrent Refinement Workers: 8
 Periodic GC: Disabled

Heap:
 garbage-first heap   total 712704K, used 422302K [0x0000000080000000, 0x0000000100000000)
  region size 1024K, 11 young (11264K), 11 survivors (11264K)
 Metaspace       used 201615K, committed 202752K, reserved 1245184K
  class space    used 26089K, committed 26624K, reserved 1048576K

Heap Regions: E=young(eden), S=young(survivor), O=old, HS=humongous(starts), HC=humongous(continues), CS=collection set, F=free, OA=open archive, CA=closed archive, TAMS=top-at-mark-start (previous, next)
|   0|0x0000000080000000, 0x0000000080100000, 0x0000000080100000|100%|HS|  |TAMS 0x0000000080100000, 0x0000000080000000| Complete 
|   1|0x0000000080100000, 0x0000000080200000, 0x0000000080200000|100%|HC|  |TAMS 0x0000000080200000, 0x0000000080100000| Complete 
|   2|0x0000000080200000, 0x0000000080300000, 0x0000000080300000|100%|HC|  |TAMS 0x0000000080300000, 0x0000000080200000| Complete 
|   3|0x0000000080300000, 0x0000000080400000, 0x0000000080400000|100%| O|  |TAMS 0x0000000080400000, 0x0000000080300000| Untracked 
|   4|0x0000000080400000, 0x0000000080500000, 0x0000000080500000|100%| O|  |TAMS 0x0000000080500000, 0x0000000080400000| Untracked 
|   5|0x0000000080500000, 0x0000000080600000, 0x0000000080600000|100%| O|  |TAMS 0x0000000080600000, 0x0000000080500000| Untracked 
|   6|0x0000000080600000, 0x0000000080700000, 0x0000000080700000|100%|HS|  |TAMS 0x0000000080700000, 0x0000000080600000| Complete 
|   7|0x0000000080700000, 0x0000000080800000, 0x0000000080800000|100%| O|  |TAMS 0x0000000080800000, 0x0000000080700000| Untracked 
|   8|0x0000000080800000, 0x0000000080900000, 0x0000000080900000|100%| O|  |TAMS 0x0000000080900000, 0x0000000080800000| Untracked 
|   9|0x0000000080900000, 0x00000000809f1c00, 0x0000000080a00000| 94%| O|  |TAMS 0x00000000809f1c00, 0x0000000080900000| Untracked 
|  10|0x0000000080a00000, 0x0000000080b00000, 0x0000000080b00000|100%| O|  |TAMS 0x0000000080b00000, 0x0000000080a00000| Untracked 
|  11|0x0000000080b00000, 0x0000000080c00000, 0x0000000080c00000|100%| O|  |TAMS 0x0000000080c00000, 0x0000000080b00000| Untracked 
|  12|0x0000000080c00000, 0x0000000080d00000, 0x0000000080d00000|100%| O|  |TAMS 0x0000000080d00000, 0x0000000080c00000| Untracked 
|  13|0x0000000080d00000, 0x0000000080e00000, 0x0000000080e00000|100%| O|  |TAMS 0x0000000080e00000, 0x0000000080d00000| Untracked 
|  14|0x0000000080e00000, 0x0000000080f00000, 0x0000000080f00000|100%| O|  |TAMS 0x0000000080f00000, 0x0000000080e00000| Untracked 
|  15|0x0000000080f00000, 0x0000000081000000, 0x0000000081000000|100%| O|  |TAMS 0x0000000081000000, 0x0000000080f00000| Untracked 
|  16|0x0000000081000000, 0x0000000081100000, 0x0000000081100000|100%| O|  |TAMS 0x0000000081100000, 0x0000000081000000| Untracked 
|  17|0x0000000081100000, 0x0000000081200000, 0x0000000081200000|100%| O|  |TAMS 0x0000000081200000, 0x0000000081100000| Untracked 
|  18|0x0000000081200000, 0x0000000081300000, 0x0000000081300000|100%| O|  |TAMS 0x0000000081300000, 0x0000000081200000| Untracked 
|  19|0x0000000081300000, 0x0000000081400000, 0x0000000081400000|100%| O|  |TAMS 0x0000000081400000, 0x0000000081300000| Untracked 
|  20|0x0000000081400000, 0x0000000081500000, 0x0000000081500000|100%| O|  |TAMS 0x0000000081400000, 0x0000000081400000| Untracked 
|  21|0x0000000081500000, 0x0000000081600000, 0x0000000081600000|100%| O|  |TAMS 0x0000000081500000, 0x0000000081500000| Untracked 
|  22|0x0000000081600000, 0x0000000081700000, 0x0000000081700000|100%| O|  |TAMS 0x0000000081600000, 0x0000000081600000| Untracked 
|  23|0x0000000081700000, 0x0000000081800000, 0x0000000081800000|100%| O|  |TAMS 0x0000000081700000, 0x0000000081700000| Untracked 
|  24|0x0000000081800000, 0x0000000081900000, 0x0000000081900000|100%| O|  |TAMS 0x0000000081800000, 0x0000000081800000| Untracked 
|  25|0x0000000081900000, 0x0000000081a00000, 0x0000000081a00000|100%| O|  |TAMS 0x0000000081900000, 0x0000000081900000| Untracked 
|  26|0x0000000081a00000, 0x0000000081b00000, 0x0000000081b00000|100%| O|  |TAMS 0x0000000081a00000, 0x0000000081a00000| Untracked 
|  27|0x0000000081b00000, 0x0000000081c00000, 0x0000000081c00000|100%| O|  |TAMS 0x0000000081c00000, 0x0000000081b00000| Untracked 
|  28|0x0000000081c00000, 0x0000000081d00000, 0x0000000081d00000|100%| O|  |TAMS 0x0000000081d00000, 0x0000000081c00000| Untracked 
|  29|0x0000000081d00000, 0x0000000081e00000, 0x0000000081e00000|100%| O|  |TAMS 0x0000000081e00000, 0x0000000081d00000| Untracked 
|  30|0x0000000081e00000, 0x0000000081f00000, 0x0000000081f00000|100%| O|  |TAMS 0x0000000081f00000, 0x0000000081e00000| Untracked 
|  31|0x0000000081f00000, 0x0000000082000000, 0x0000000082000000|100%| O|  |TAMS 0x0000000082000000, 0x0000000081f00000| Untracked 
|  32|0x0000000082000000, 0x0000000082100000, 0x0000000082100000|100%| O|  |TAMS 0x0000000082100000, 0x0000000082000000| Untracked 
|  33|0x0000000082100000, 0x0000000082200000, 0x0000000082200000|100%| O|  |TAMS 0x0000000082200000, 0x0000000082100000| Untracked 
|  34|0x0000000082200000, 0x0000000082300000, 0x0000000082300000|100%| O|  |TAMS 0x0000000082300000, 0x0000000082200000| Untracked 
|  35|0x0000000082300000, 0x0000000082400000, 0x0000000082400000|100%| O|  |TAMS 0x0000000082400000, 0x0000000082300000| Untracked 
|  36|0x0000000082400000, 0x0000000082500000, 0x0000000082500000|100%| O|  |TAMS 0x0000000082500000, 0x0000000082400000| Untracked 
|  37|0x0000000082500000, 0x0000000082600000, 0x0000000082600000|100%| O|  |TAMS 0x0000000082600000, 0x0000000082500000| Untracked 
|  38|0x0000000082600000, 0x0000000082700000, 0x0000000082700000|100%| O|  |TAMS 0x0000000082700000, 0x0000000082600000| Untracked 
|  39|0x0000000082700000, 0x0000000082800000, 0x0000000082800000|100%| O|  |TAMS 0x0000000082800000, 0x0000000082700000| Untracked 
|  40|0x0000000082800000, 0x0000000082900000, 0x0000000082900000|100%| O|  |TAMS 0x0000000082900000, 0x0000000082800000| Untracked 
|  41|0x0000000082900000, 0x0000000082a00000, 0x0000000082a00000|100%| O|  |TAMS 0x0000000082a00000, 0x0000000082900000| Untracked 
|  42|0x0000000082a00000, 0x0000000082b00000, 0x0000000082b00000|100%| O|  |TAMS 0x0000000082b00000, 0x0000000082a00000| Untracked 
|  43|0x0000000082b00000, 0x0000000082c00000, 0x0000000082c00000|100%| O|  |TAMS 0x0000000082c00000, 0x0000000082b00000| Untracked 
|  44|0x0000000082c00000, 0x0000000082d00000, 0x0000000082d00000|100%| O|  |TAMS 0x0000000082d00000, 0x0000000082c00000| Untracked 
|  45|0x0000000082d00000, 0x0000000082e00000, 0x0000000082e00000|100%| O|  |TAMS 0x0000000082e00000, 0x0000000082d00000| Untracked 
|  46|0x0000000082e00000, 0x0000000082f00000, 0x0000000082f00000|100%| O|  |TAMS 0x0000000082f00000, 0x0000000082e00000| Untracked 
|  47|0x0000000082f00000, 0x0000000083000000, 0x0000000083000000|100%| O|  |TAMS 0x0000000083000000, 0x0000000082f00000| Untracked 
|  48|0x0000000083000000, 0x0000000083100000, 0x0000000083100000|100%| O|  |TAMS 0x0000000083100000, 0x0000000083000000| Untracked 
|  49|0x0000000083100000, 0x0000000083200000, 0x0000000083200000|100%| O|  |TAMS 0x0000000083200000, 0x0000000083100000| Untracked 
|  50|0x0000000083200000, 0x0000000083300000, 0x0000000083300000|100%| O|  |TAMS 0x0000000083300000, 0x0000000083200000| Untracked 
|  51|0x0000000083300000, 0x0000000083400000, 0x0000000083400000|100%| O|  |TAMS 0x0000000083400000, 0x0000000083300000| Untracked 
|  52|0x0000000083400000, 0x0000000083500000, 0x0000000083500000|100%| O|  |TAMS 0x0000000083500000, 0x0000000083400000| Untracked 
|  53|0x0000000083500000, 0x0000000083600000, 0x0000000083600000|100%| O|  |TAMS 0x0000000083600000, 0x0000000083500000| Untracked 
|  54|0x0000000083600000, 0x0000000083700000, 0x0000000083700000|100%| O|  |TAMS 0x0000000083600000, 0x0000000083600000| Untracked 
|  55|0x0000000083700000, 0x0000000083800000, 0x0000000083800000|100%| O|  |TAMS 0x0000000083700000, 0x0000000083700000| Untracked 
|  56|0x0000000083800000, 0x0000000083900000, 0x0000000083900000|100%| O|  |TAMS 0x0000000083800000, 0x0000000083800000| Untracked 
|  57|0x0000000083900000, 0x0000000083a00000, 0x0000000083a00000|100%| O|  |TAMS 0x0000000083900000, 0x0000000083900000| Untracked 
|  58|0x0000000083a00000, 0x0000000083b00000, 0x0000000083b00000|100%| O|  |TAMS 0x0000000083a00000, 0x0000000083a00000| Untracked 
|  59|0x0000000083b00000, 0x0000000083c00000, 0x0000000083c00000|100%| O|  |TAMS 0x0000000083b00000, 0x0000000083b00000| Untracked 
|  60|0x0000000083c00000, 0x0000000083d00000, 0x0000000083d00000|100%| O|  |TAMS 0x0000000083c00000, 0x0000000083c00000| Untracked 
|  61|0x0000000083d00000, 0x0000000083e00000, 0x0000000083e00000|100%| O|  |TAMS 0x0000000083d00000, 0x0000000083d00000| Untracked 
|  62|0x0000000083e00000, 0x0000000083f00000, 0x0000000083f00000|100%| O|  |TAMS 0x0000000083f00000, 0x0000000083e00000| Untracked 
|  63|0x0000000083f00000, 0x0000000084000000, 0x0000000084000000|100%| O|  |TAMS 0x0000000084000000, 0x0000000083f00000| Untracked 
|  64|0x0000000084000000, 0x0000000084100000, 0x0000000084100000|100%| O|  |TAMS 0x0000000084100000, 0x0000000084000000| Untracked 
|  65|0x0000000084100000, 0x0000000084200000, 0x0000000084200000|100%| O|  |TAMS 0x0000000084200000, 0x0000000084100000| Untracked 
|  66|0x0000000084200000, 0x0000000084300000, 0x0000000084300000|100%| O|  |TAMS 0x0000000084300000, 0x0000000084200000| Untracked 
|  67|0x0000000084300000, 0x0000000084400000, 0x0000000084400000|100%| O|  |TAMS 0x0000000084400000, 0x0000000084300000| Untracked 
|  68|0x0000000084400000, 0x0000000084500000, 0x0000000084500000|100%| O|  |TAMS 0x0000000084500000, 0x0000000084400000| Untracked 
|  69|0x0000000084500000, 0x0000000084600000, 0x0000000084600000|100%| O|  |TAMS 0x0000000084600000, 0x0000000084500000| Untracked 
|  70|0x0000000084600000, 0x0000000084700000, 0x0000000084700000|100%| O|  |TAMS 0x0000000084700000, 0x0000000084600000| Untracked 
|  71|0x0000000084700000, 0x0000000084800000, 0x0000000084800000|100%| O|  |TAMS 0x0000000084700000, 0x0000000084700000| Untracked 
|  72|0x0000000084800000, 0x0000000084900000, 0x0000000084900000|100%| O|  |TAMS 0x0000000084800000, 0x0000000084800000| Untracked 
|  73|0x0000000084900000, 0x0000000084a00000, 0x0000000084a00000|100%| O|  |TAMS 0x0000000084900000, 0x0000000084900000| Untracked 
|  74|0x0000000084a00000, 0x0000000084b00000, 0x0000000084b00000|100%| O|  |TAMS 0x0000000084a00000, 0x0000000084a00000| Untracked 
|  75|0x0000000084b00000, 0x0000000084c00000, 0x0000000084c00000|100%| O|  |TAMS 0x0000000084c00000, 0x0000000084b00000| Untracked 
|  76|0x0000000084c00000, 0x0000000084d00000, 0x0000000084d00000|100%| O|  |TAMS 0x0000000084c00000, 0x0000000084c00000| Untracked 
|  77|0x0000000084d00000, 0x0000000084e00000, 0x0000000084e00000|100%| O|  |TAMS 0x0000000084d00000, 0x0000000084d00000| Untracked 
|  78|0x0000000084e00000, 0x0000000084f00000, 0x0000000084f00000|100%| O|  |TAMS 0x0000000084e00000, 0x0000000084e00000| Untracked 
|  79|0x0000000084f00000, 0x0000000085000000, 0x0000000085000000|100%| O|  |TAMS 0x0000000084f00000, 0x0000000084f00000| Untracked 
|  80|0x0000000085000000, 0x0000000085100000, 0x0000000085100000|100%| O|  |TAMS 0x0000000085000000, 0x0000000085000000| Untracked 
|  81|0x0000000085100000, 0x0000000085200000, 0x0000000085200000|100%| O|  |TAMS 0x0000000085200000, 0x0000000085100000| Untracked 
|  82|0x0000000085200000, 0x0000000085300000, 0x0000000085300000|100%| O|  |TAMS 0x0000000085300000, 0x0000000085200000| Untracked 
|  83|0x0000000085300000, 0x0000000085400000, 0x0000000085400000|100%| O|  |TAMS 0x0000000085400000, 0x0000000085300000| Untracked 
|  84|0x0000000085400000, 0x0000000085500000, 0x0000000085500000|100%| O|  |TAMS 0x0000000085500000, 0x0000000085400000| Untracked 
|  85|0x0000000085500000, 0x0000000085600000, 0x0000000085600000|100%| O|  |TAMS 0x0000000085600000, 0x0000000085500000| Untracked 
|  86|0x0000000085600000, 0x0000000085700000, 0x0000000085700000|100%| O|  |TAMS 0x0000000085700000, 0x0000000085600000| Untracked 
|  87|0x0000000085700000, 0x0000000085800000, 0x0000000085800000|100%| O|  |TAMS 0x0000000085800000, 0x0000000085700000| Untracked 
|  88|0x0000000085800000, 0x0000000085900000, 0x0000000085900000|100%| O|  |TAMS 0x0000000085900000, 0x0000000085800000| Untracked 
|  89|0x0000000085900000, 0x0000000085a00000, 0x0000000085a00000|100%| O|  |TAMS 0x0000000085a00000, 0x0000000085900000| Untracked 
|  90|0x0000000085a00000, 0x0000000085b00000, 0x0000000085b00000|100%| O|  |TAMS 0x0000000085b00000, 0x0000000085a00000| Untracked 
|  91|0x0000000085b00000, 0x0000000085c00000, 0x0000000085c00000|100%| O|  |TAMS 0x0000000085c00000, 0x0000000085b00000| Untracked 
|  92|0x0000000085c00000, 0x0000000085d00000, 0x0000000085d00000|100%|HS|  |TAMS 0x0000000085d00000, 0x0000000085c00000| Complete 
|  93|0x0000000085d00000, 0x0000000085e00000, 0x0000000085e00000|100%| O|  |TAMS 0x0000000085e00000, 0x0000000085d00000| Untracked 
|  94|0x0000000085e00000, 0x0000000085f00000, 0x0000000085f00000|100%| O|  |TAMS 0x0000000085f00000, 0x0000000085e00000| Untracked 
|  95|0x0000000085f00000, 0x0000000086000000, 0x0000000086000000|100%| O|  |TAMS 0x0000000086000000, 0x0000000085f00000| Untracked 
|  96|0x0000000086000000, 0x0000000086100000, 0x0000000086100000|100%| O|  |TAMS 0x0000000086100000, 0x0000000086000000| Untracked 
|  97|0x0000000086100000, 0x0000000086200000, 0x0000000086200000|100%| O|  |TAMS 0x0000000086200000, 0x0000000086100000| Untracked 
|  98|0x0000000086200000, 0x0000000086300000, 0x0000000086300000|100%|HS|  |TAMS 0x0000000086300000, 0x0000000086200000| Complete 
|  99|0x0000000086300000, 0x0000000086400000, 0x0000000086400000|100%|HS|  |TAMS 0x0000000086400000, 0x0000000086300000| Complete 
| 100|0x0000000086400000, 0x0000000086500000, 0x0000000086500000|100%|HS|  |TAMS 0x0000000086500000, 0x0000000086400000| Complete 
| 101|0x0000000086500000, 0x0000000086600000, 0x0000000086600000|100%|HC|  |TAMS 0x0000000086600000, 0x0000000086500000| Complete 
| 102|0x0000000086600000, 0x0000000086700000, 0x0000000086700000|100%| O|  |TAMS 0x0000000086700000, 0x0000000086600000| Untracked 
| 103|0x0000000086700000, 0x0000000086800000, 0x0000000086800000|100%| O|  |TAMS 0x0000000086800000, 0x0000000086700000| Untracked 
| 104|0x0000000086800000, 0x0000000086900000, 0x0000000086900000|100%| O|  |TAMS 0x0000000086900000, 0x0000000086800000| Untracked 
| 105|0x0000000086900000, 0x0000000086a00000, 0x0000000086a00000|100%| O|  |TAMS 0x0000000086a00000, 0x0000000086900000| Untracked 
| 106|0x0000000086a00000, 0x0000000086b00000, 0x0000000086b00000|100%| O|  |TAMS 0x0000000086b00000, 0x0000000086a00000| Untracked 
| 107|0x0000000086b00000, 0x0000000086c00000, 0x0000000086c00000|100%| O|  |TAMS 0x0000000086c00000, 0x0000000086b00000| Untracked 
| 108|0x0000000086c00000, 0x0000000086d00000, 0x0000000086d00000|100%| O|  |TAMS 0x0000000086d00000, 0x0000000086c00000| Untracked 
| 109|0x0000000086d00000, 0x0000000086e00000, 0x0000000086e00000|100%| O|  |TAMS 0x0000000086e00000, 0x0000000086d00000| Untracked 
| 110|0x0000000086e00000, 0x0000000086f00000, 0x0000000086f00000|100%| O|  |TAMS 0x0000000086f00000, 0x0000000086e00000| Untracked 
| 111|0x0000000086f00000, 0x0000000087000000, 0x0000000087000000|100%| O|  |TAMS 0x0000000087000000, 0x0000000086f00000| Untracked 
| 112|0x0000000087000000, 0x0000000087100000, 0x0000000087100000|100%| O|  |TAMS 0x0000000087100000, 0x0000000087000000| Untracked 
| 113|0x0000000087100000, 0x0000000087200000, 0x0000000087200000|100%| O|  |TAMS 0x0000000087200000, 0x0000000087100000| Untracked 
| 114|0x0000000087200000, 0x0000000087300000, 0x0000000087300000|100%| O|  |TAMS 0x0000000087300000, 0x0000000087200000| Untracked 
| 115|0x0000000087300000, 0x0000000087400000, 0x0000000087400000|100%| O|  |TAMS 0x0000000087400000, 0x0000000087300000| Untracked 
| 116|0x0000000087400000, 0x0000000087500000, 0x0000000087500000|100%| O|  |TAMS 0x0000000087500000, 0x0000000087400000| Untracked 
| 117|0x0000000087500000, 0x0000000087600000, 0x0000000087600000|100%| O|  |TAMS 0x0000000087500000, 0x0000000087500000| Untracked 
| 118|0x0000000087600000, 0x0000000087700000, 0x0000000087700000|100%|HS|  |TAMS 0x0000000087700000, 0x0000000087600000| Complete 
| 119|0x0000000087700000, 0x0000000087800000, 0x0000000087800000|100%|HC|  |TAMS 0x0000000087800000, 0x0000000087700000| Complete 
| 120|0x0000000087800000, 0x0000000087900000, 0x0000000087900000|100%|HS|  |TAMS 0x0000000087900000, 0x0000000087800000| Complete 
| 121|0x0000000087900000, 0x0000000087a00000, 0x0000000087a00000|100%| O|  |TAMS 0x0000000087a00000, 0x0000000087900000| Untracked 
| 122|0x0000000087a00000, 0x0000000087b00000, 0x0000000087b00000|100%|HS|  |TAMS 0x0000000087b00000, 0x0000000087a00000| Complete 
| 123|0x0000000087b00000, 0x0000000087c00000, 0x0000000087c00000|100%|HS|  |TAMS 0x0000000087c00000, 0x0000000087b00000| Complete 
| 124|0x0000000087c00000, 0x0000000087d00000, 0x0000000087d00000|100%|HS|  |TAMS 0x0000000087c00000, 0x0000000087c00000| Complete 
| 125|0x0000000087d00000, 0x0000000087e00000, 0x0000000087e00000|100%|HC|  |TAMS 0x0000000087d00000, 0x0000000087d00000| Complete 
| 126|0x0000000087e00000, 0x0000000087f00000, 0x0000000087f00000|100%| O|  |TAMS 0x0000000087e00000, 0x0000000087e00000| Untracked 
| 127|0x0000000087f00000, 0x0000000088000000, 0x0000000088000000|100%| O|  |TAMS 0x0000000087f00000, 0x0000000087f00000| Untracked 
| 128|0x0000000088000000, 0x0000000088100000, 0x0000000088100000|100%| O|  |TAMS 0x0000000088000000, 0x0000000088000000| Untracked 
| 129|0x0000000088100000, 0x0000000088200000, 0x0000000088200000|100%| O|  |TAMS 0x0000000088100000, 0x0000000088100000| Untracked 
| 130|0x0000000088200000, 0x0000000088300000, 0x0000000088300000|100%| O|  |TAMS 0x0000000088200000, 0x0000000088200000| Untracked 
| 131|0x0000000088300000, 0x0000000088400000, 0x0000000088400000|100%| O|  |TAMS 0x0000000088400000, 0x0000000088300000| Untracked 
| 132|0x0000000088400000, 0x0000000088500000, 0x0000000088500000|100%| O|  |TAMS 0x0000000088500000, 0x0000000088400000| Untracked 
| 133|0x0000000088500000, 0x0000000088600000, 0x0000000088600000|100%| O|  |TAMS 0x0000000088600000, 0x0000000088500000| Untracked 
| 134|0x0000000088600000, 0x0000000088700000, 0x0000000088700000|100%| O|  |TAMS 0x0000000088700000, 0x0000000088600000| Untracked 
| 135|0x0000000088700000, 0x0000000088800000, 0x0000000088800000|100%|HS|  |TAMS 0x0000000088800000, 0x0000000088700000| Complete 
| 136|0x0000000088800000, 0x0000000088900000, 0x0000000088900000|100%| O|  |TAMS 0x0000000088900000, 0x0000000088800000| Untracked 
| 137|0x0000000088900000, 0x0000000088a00000, 0x0000000088a00000|100%| O|  |TAMS 0x0000000088900000, 0x0000000088900000| Untracked 
| 138|0x0000000088a00000, 0x0000000088b00000, 0x0000000088b00000|100%| O|  |TAMS 0x0000000088b00000, 0x0000000088a00000| Untracked 
| 139|0x0000000088b00000, 0x0000000088c00000, 0x0000000088c00000|100%| O|  |TAMS 0x0000000088c00000, 0x0000000088b00000| Untracked 
| 140|0x0000000088c00000, 0x0000000088d00000, 0x0000000088d00000|100%| O|  |TAMS 0x0000000088d00000, 0x0000000088c00000| Untracked 
| 141|0x0000000088d00000, 0x0000000088e00000, 0x0000000088e00000|100%| O|  |TAMS 0x0000000088e00000, 0x0000000088d00000| Untracked 
| 142|0x0000000088e00000, 0x0000000088f00000, 0x0000000088f00000|100%| O|  |TAMS 0x0000000088f00000, 0x0000000088e00000| Untracked 
| 143|0x0000000088f00000, 0x0000000089000000, 0x0000000089000000|100%| O|  |TAMS 0x0000000089000000, 0x0000000088f00000| Untracked 
| 144|0x0000000089000000, 0x0000000089100000, 0x0000000089100000|100%| O|  |TAMS 0x0000000089100000, 0x0000000089000000| Untracked 
| 145|0x0000000089100000, 0x0000000089200000, 0x0000000089200000|100%| O|  |TAMS 0x0000000089200000, 0x0000000089100000| Untracked 
| 146|0x0000000089200000, 0x0000000089300000, 0x0000000089300000|100%| O|  |TAMS 0x0000000089200000, 0x0000000089200000| Untracked 
| 147|0x0000000089300000, 0x0000000089400000, 0x0000000089400000|100%| O|  |TAMS 0x0000000089300000, 0x0000000089300000| Untracked 
| 148|0x0000000089400000, 0x0000000089500000, 0x0000000089500000|100%| O|  |TAMS 0x0000000089400000, 0x0000000089400000| Untracked 
| 149|0x0000000089500000, 0x0000000089600000, 0x0000000089600000|100%| O|  |TAMS 0x0000000089600000, 0x0000000089500000| Untracked 
| 150|0x0000000089600000, 0x0000000089700000, 0x0000000089700000|100%| O|  |TAMS 0x0000000089700000, 0x0000000089600000| Untracked 
| 151|0x0000000089700000, 0x0000000089800000, 0x0000000089800000|100%| O|  |TAMS 0x0000000089800000, 0x0000000089700000| Untracked 
| 152|0x0000000089800000, 0x0000000089900000, 0x0000000089900000|100%| O|  |TAMS 0x0000000089900000, 0x0000000089800000| Untracked 
| 153|0x0000000089900000, 0x0000000089a00000, 0x0000000089a00000|100%| O|  |TAMS 0x0000000089900000, 0x0000000089900000| Untracked 
| 154|0x0000000089a00000, 0x0000000089b00000, 0x0000000089b00000|100%| O|  |TAMS 0x0000000089b00000, 0x0000000089a00000| Untracked 
| 155|0x0000000089b00000, 0x0000000089c00000, 0x0000000089c00000|100%| O|  |TAMS 0x0000000089b00000, 0x0000000089b00000| Untracked 
| 156|0x0000000089c00000, 0x0000000089d00000, 0x0000000089d00000|100%| O|  |TAMS 0x0000000089c00000, 0x0000000089c00000| Untracked 
| 157|0x0000000089d00000, 0x0000000089e00000, 0x0000000089e00000|100%| O|  |TAMS 0x0000000089d00000, 0x0000000089d00000| Untracked 
| 158|0x0000000089e00000, 0x0000000089f00000, 0x0000000089f00000|100%| O|  |TAMS 0x0000000089e00000, 0x0000000089e00000| Untracked 
| 159|0x0000000089f00000, 0x000000008a000000, 0x000000008a000000|100%| O|  |TAMS 0x0000000089f00000, 0x0000000089f00000| Untracked 
| 160|0x000000008a000000, 0x000000008a100000, 0x000000008a100000|100%| O|  |TAMS 0x000000008a000000, 0x000000008a000000| Untracked 
| 161|0x000000008a100000, 0x000000008a200000, 0x000000008a200000|100%| O|  |TAMS 0x000000008a100000, 0x000000008a100000| Untracked 
| 162|0x000000008a200000, 0x000000008a300000, 0x000000008a300000|100%| O|  |TAMS 0x000000008a200000, 0x000000008a200000| Untracked 
| 163|0x000000008a300000, 0x000000008a400000, 0x000000008a400000|100%| O|  |TAMS 0x000000008a300000, 0x000000008a300000| Untracked 
| 164|0x000000008a400000, 0x000000008a500000, 0x000000008a500000|100%| O|  |TAMS 0x000000008a400000, 0x000000008a400000| Untracked 
| 165|0x000000008a500000, 0x000000008a600000, 0x000000008a600000|100%| O|  |TAMS 0x000000008a500000, 0x000000008a500000| Untracked 
| 166|0x000000008a600000, 0x000000008a700000, 0x000000008a700000|100%| O|  |TAMS 0x000000008a700000, 0x000000008a600000| Untracked 
| 167|0x000000008a700000, 0x000000008a800000, 0x000000008a800000|100%| O|  |TAMS 0x000000008a800000, 0x000000008a700000| Untracked 
| 168|0x000000008a800000, 0x000000008a900000, 0x000000008a900000|100%| O|  |TAMS 0x000000008a900000, 0x000000008a800000| Untracked 
| 169|0x000000008a900000, 0x000000008aa00000, 0x000000008aa00000|100%| O|  |TAMS 0x000000008aa00000, 0x000000008a900000| Untracked 
| 170|0x000000008aa00000, 0x000000008ab00000, 0x000000008ab00000|100%| O|  |TAMS 0x000000008aacba00, 0x000000008aa00000| Untracked 
| 171|0x000000008ab00000, 0x000000008ac00000, 0x000000008ac00000|100%| O|  |TAMS 0x000000008ab00000, 0x000000008ab00000| Untracked 
| 172|0x000000008ac00000, 0x000000008ad00000, 0x000000008ad00000|100%| O|  |TAMS 0x000000008ac00000, 0x000000008ac00000| Untracked 
| 173|0x000000008ad00000, 0x000000008ae00000, 0x000000008ae00000|100%| O|  |TAMS 0x000000008ad00000, 0x000000008ad00000| Untracked 
| 174|0x000000008ae00000, 0x000000008af00000, 0x000000008af00000|100%| O|  |TAMS 0x000000008ae00000, 0x000000008ae00000| Untracked 
| 175|0x000000008af00000, 0x000000008b000000, 0x000000008b000000|100%| O|  |TAMS 0x000000008af00000, 0x000000008af00000| Untracked 
| 176|0x000000008b000000, 0x000000008b100000, 0x000000008b100000|100%| O|  |TAMS 0x000000008b000000, 0x000000008b000000| Untracked 
| 177|0x000000008b100000, 0x000000008b200000, 0x000000008b200000|100%| O|  |TAMS 0x000000008b100000, 0x000000008b100000| Untracked 
| 178|0x000000008b200000, 0x000000008b300000, 0x000000008b300000|100%| O|  |TAMS 0x000000008b200000, 0x000000008b200000| Untracked 
| 179|0x000000008b300000, 0x000000008b400000, 0x000000008b400000|100%| O|  |TAMS 0x000000008b300000, 0x000000008b300000| Untracked 
| 180|0x000000008b400000, 0x000000008b500000, 0x000000008b500000|100%| O|  |TAMS 0x000000008b400000, 0x000000008b400000| Untracked 
| 181|0x000000008b500000, 0x000000008b600000, 0x000000008b600000|100%| O|  |TAMS 0x000000008b500000, 0x000000008b500000| Untracked 
| 182|0x000000008b600000, 0x000000008b700000, 0x000000008b700000|100%| O|  |TAMS 0x000000008b600000, 0x000000008b600000| Untracked 
| 183|0x000000008b700000, 0x000000008b800000, 0x000000008b800000|100%| O|  |TAMS 0x000000008b700000, 0x000000008b700000| Untracked 
| 184|0x000000008b800000, 0x000000008b900000, 0x000000008b900000|100%| O|  |TAMS 0x000000008b800000, 0x000000008b800000| Untracked 
| 185|0x000000008b900000, 0x000000008ba00000, 0x000000008ba00000|100%| O|  |TAMS 0x000000008b900000, 0x000000008b900000| Untracked 
| 186|0x000000008ba00000, 0x000000008bb00000, 0x000000008bb00000|100%| O|  |TAMS 0x000000008ba00000, 0x000000008ba00000| Untracked 
| 187|0x000000008bb00000, 0x000000008bc00000, 0x000000008bc00000|100%| O|  |TAMS 0x000000008bb00000, 0x000000008bb00000| Untracked 
| 188|0x000000008bc00000, 0x000000008bd00000, 0x000000008bd00000|100%| O|  |TAMS 0x000000008bc00000, 0x000000008bc00000| Untracked 
| 189|0x000000008bd00000, 0x000000008be00000, 0x000000008be00000|100%| O|  |TAMS 0x000000008bd00000, 0x000000008bd00000| Untracked 
| 190|0x000000008be00000, 0x000000008bf00000, 0x000000008bf00000|100%| O|  |TAMS 0x000000008be00000, 0x000000008be00000| Untracked 
| 191|0x000000008bf00000, 0x000000008c000000, 0x000000008c000000|100%| O|  |TAMS 0x000000008bf00000, 0x000000008bf00000| Untracked 
| 192|0x000000008c000000, 0x000000008c100000, 0x000000008c100000|100%| O|  |TAMS 0x000000008c000000, 0x000000008c000000| Untracked 
| 193|0x000000008c100000, 0x000000008c200000, 0x000000008c200000|100%| O|  |TAMS 0x000000008c100000, 0x000000008c100000| Untracked 
| 194|0x000000008c200000, 0x000000008c300000, 0x000000008c300000|100%| O|  |TAMS 0x000000008c200000, 0x000000008c200000| Untracked 
| 195|0x000000008c300000, 0x000000008c400000, 0x000000008c400000|100%| O|  |TAMS 0x000000008c300000, 0x000000008c300000| Untracked 
| 196|0x000000008c400000, 0x000000008c500000, 0x000000008c500000|100%| O|  |TAMS 0x000000008c400000, 0x000000008c400000| Untracked 
| 197|0x000000008c500000, 0x000000008c600000, 0x000000008c600000|100%| O|  |TAMS 0x000000008c500000, 0x000000008c500000| Untracked 
| 198|0x000000008c600000, 0x000000008c700000, 0x000000008c700000|100%| O|  |TAMS 0x000000008c600000, 0x000000008c600000| Untracked 
| 199|0x000000008c700000, 0x000000008c800000, 0x000000008c800000|100%| O|  |TAMS 0x000000008c700000, 0x000000008c700000| Untracked 
| 200|0x000000008c800000, 0x000000008c900000, 0x000000008c900000|100%| O|  |TAMS 0x000000008c800000, 0x000000008c800000| Untracked 
| 201|0x000000008c900000, 0x000000008ca00000, 0x000000008ca00000|100%| O|  |TAMS 0x000000008c900000, 0x000000008c900000| Untracked 
| 202|0x000000008ca00000, 0x000000008cb00000, 0x000000008cb00000|100%| O|  |TAMS 0x000000008ca00000, 0x000000008ca00000| Untracked 
| 203|0x000000008cb00000, 0x000000008cc00000, 0x000000008cc00000|100%| O|  |TAMS 0x000000008cb00000, 0x000000008cb00000| Untracked 
| 204|0x000000008cc00000, 0x000000008cd00000, 0x000000008cd00000|100%| O|  |TAMS 0x000000008cc00000, 0x000000008cc00000| Untracked 
| 205|0x000000008cd00000, 0x000000008ce00000, 0x000000008ce00000|100%| O|  |TAMS 0x000000008cd00000, 0x000000008cd00000| Untracked 
| 206|0x000000008ce00000, 0x000000008cf00000, 0x000000008cf00000|100%| O|  |TAMS 0x000000008ce00000, 0x000000008ce00000| Untracked 
| 207|0x000000008cf00000, 0x000000008d000000, 0x000000008d000000|100%| O|  |TAMS 0x000000008cf00000, 0x000000008cf00000| Untracked 
| 208|0x000000008d000000, 0x000000008d100000, 0x000000008d100000|100%| O|  |TAMS 0x000000008d000000, 0x000000008d000000| Untracked 
| 209|0x000000008d100000, 0x000000008d200000, 0x000000008d200000|100%| O|  |TAMS 0x000000008d100000, 0x000000008d100000| Untracked 
| 210|0x000000008d200000, 0x000000008d300000, 0x000000008d300000|100%| O|  |TAMS 0x000000008d200000, 0x000000008d200000| Untracked 
| 211|0x000000008d300000, 0x000000008d400000, 0x000000008d400000|100%| O|  |TAMS 0x000000008d300000, 0x000000008d300000| Untracked 
| 212|0x000000008d400000, 0x000000008d500000, 0x000000008d500000|100%| O|  |TAMS 0x000000008d400000, 0x000000008d400000| Untracked 
| 213|0x000000008d500000, 0x000000008d600000, 0x000000008d600000|100%| O|  |TAMS 0x000000008d500000, 0x000000008d500000| Untracked 
| 214|0x000000008d600000, 0x000000008d700000, 0x000000008d700000|100%| O|  |TAMS 0x000000008d600000, 0x000000008d600000| Untracked 
| 215|0x000000008d700000, 0x000000008d800000, 0x000000008d800000|100%| O|  |TAMS 0x000000008d700000, 0x000000008d700000| Untracked 
| 216|0x000000008d800000, 0x000000008d900000, 0x000000008d900000|100%| O|  |TAMS 0x000000008d800000, 0x000000008d800000| Untracked 
| 217|0x000000008d900000, 0x000000008da00000, 0x000000008da00000|100%| O|  |TAMS 0x000000008d900000, 0x000000008d900000| Untracked 
| 218|0x000000008da00000, 0x000000008db00000, 0x000000008db00000|100%| O|  |TAMS 0x000000008da00000, 0x000000008da00000| Untracked 
| 219|0x000000008db00000, 0x000000008dc00000, 0x000000008dc00000|100%| O|  |TAMS 0x000000008db00000, 0x000000008db00000| Untracked 
| 220|0x000000008dc00000, 0x000000008dd00000, 0x000000008dd00000|100%| O|  |TAMS 0x000000008dc00000, 0x000000008dc00000| Untracked 
| 221|0x000000008dd00000, 0x000000008de00000, 0x000000008de00000|100%| O|  |TAMS 0x000000008dd00000, 0x000000008dd00000| Untracked 
| 222|0x000000008de00000, 0x000000008df00000, 0x000000008df00000|100%| O|  |TAMS 0x000000008de00000, 0x000000008de00000| Untracked 
| 223|0x000000008df00000, 0x000000008e000000, 0x000000008e000000|100%| O|  |TAMS 0x000000008df00000, 0x000000008df00000| Untracked 
| 224|0x000000008e000000, 0x000000008e100000, 0x000000008e100000|100%| O|  |TAMS 0x000000008e000000, 0x000000008e000000| Untracked 
| 225|0x000000008e100000, 0x000000008e200000, 0x000000008e200000|100%| O|  |TAMS 0x000000008e100000, 0x000000008e100000| Untracked 
| 226|0x000000008e200000, 0x000000008e300000, 0x000000008e300000|100%| O|  |TAMS 0x000000008e200000, 0x000000008e200000| Untracked 
| 227|0x000000008e300000, 0x000000008e400000, 0x000000008e400000|100%| O|  |TAMS 0x000000008e300000, 0x000000008e300000| Untracked 
| 228|0x000000008e400000, 0x000000008e500000, 0x000000008e500000|100%| O|  |TAMS 0x000000008e400000, 0x000000008e400000| Untracked 
| 229|0x000000008e500000, 0x000000008e600000, 0x000000008e600000|100%| O|  |TAMS 0x000000008e500000, 0x000000008e500000| Untracked 
| 230|0x000000008e600000, 0x000000008e700000, 0x000000008e700000|100%| O|  |TAMS 0x000000008e600000, 0x000000008e600000| Untracked 
| 231|0x000000008e700000, 0x000000008e800000, 0x000000008e800000|100%| O|  |TAMS 0x000000008e700000, 0x000000008e700000| Untracked 
| 232|0x000000008e800000, 0x000000008e900000, 0x000000008e900000|100%| O|  |TAMS 0x000000008e800000, 0x000000008e800000| Untracked 
| 233|0x000000008e900000, 0x000000008ea00000, 0x000000008ea00000|100%| O|  |TAMS 0x000000008e900000, 0x000000008e900000| Untracked 
| 234|0x000000008ea00000, 0x000000008eb00000, 0x000000008eb00000|100%| O|  |TAMS 0x000000008ea00000, 0x000000008ea00000| Untracked 
| 235|0x000000008eb00000, 0x000000008ec00000, 0x000000008ec00000|100%| O|  |TAMS 0x000000008eb00000, 0x000000008eb00000| Untracked 
| 236|0x000000008ec00000, 0x000000008ed00000, 0x000000008ed00000|100%| O|  |TAMS 0x000000008ec00000, 0x000000008ec00000| Untracked 
| 237|0x000000008ed00000, 0x000000008ee00000, 0x000000008ee00000|100%| O|  |TAMS 0x000000008ed00000, 0x000000008ed00000| Untracked 
| 238|0x000000008ee00000, 0x000000008ef00000, 0x000000008ef00000|100%| O|  |TAMS 0x000000008ee00000, 0x000000008ee00000| Untracked 
| 239|0x000000008ef00000, 0x000000008f000000, 0x000000008f000000|100%| O|  |TAMS 0x000000008ef00000, 0x000000008ef00000| Untracked 
| 240|0x000000008f000000, 0x000000008f100000, 0x000000008f100000|100%| O|  |TAMS 0x000000008f000000, 0x000000008f000000| Untracked 
| 241|0x000000008f100000, 0x000000008f200000, 0x000000008f200000|100%| O|  |TAMS 0x000000008f100000, 0x000000008f100000| Untracked 
| 242|0x000000008f200000, 0x000000008f300000, 0x000000008f300000|100%| O|  |TAMS 0x000000008f200000, 0x000000008f200000| Untracked 
| 243|0x000000008f300000, 0x000000008f400000, 0x000000008f400000|100%| O|  |TAMS 0x000000008f300000, 0x000000008f300000| Untracked 
| 244|0x000000008f400000, 0x000000008f500000, 0x000000008f500000|100%| O|  |TAMS 0x000000008f400000, 0x000000008f400000| Untracked 
| 245|0x000000008f500000, 0x000000008f600000, 0x000000008f600000|100%| O|  |TAMS 0x000000008f500000, 0x000000008f500000| Untracked 
| 246|0x000000008f600000, 0x000000008f700000, 0x000000008f700000|100%| O|  |TAMS 0x000000008f600000, 0x000000008f600000| Untracked 
| 247|0x000000008f700000, 0x000000008f800000, 0x000000008f800000|100%| O|  |TAMS 0x000000008f700000, 0x000000008f700000| Untracked 
| 248|0x000000008f800000, 0x000000008f900000, 0x000000008f900000|100%| O|  |TAMS 0x000000008f800000, 0x000000008f800000| Untracked 
| 249|0x000000008f900000, 0x000000008fa00000, 0x000000008fa00000|100%| O|  |TAMS 0x000000008f900000, 0x000000008f900000| Untracked 
| 250|0x000000008fa00000, 0x000000008fb00000, 0x000000008fb00000|100%| O|  |TAMS 0x000000008fa00000, 0x000000008fa00000| Untracked 
| 251|0x000000008fb00000, 0x000000008fc00000, 0x000000008fc00000|100%| O|  |TAMS 0x000000008fb00000, 0x000000008fb00000| Untracked 
| 252|0x000000008fc00000, 0x000000008fd00000, 0x000000008fd00000|100%| O|  |TAMS 0x000000008fc00000, 0x000000008fc00000| Untracked 
| 253|0x000000008fd00000, 0x000000008fe00000, 0x000000008fe00000|100%| O|  |TAMS 0x000000008fd00000, 0x000000008fd00000| Untracked 
| 254|0x000000008fe00000, 0x000000008ff00000, 0x000000008ff00000|100%| O|  |TAMS 0x000000008fe00000, 0x000000008fe00000| Untracked 
| 255|0x000000008ff00000, 0x0000000090000000, 0x0000000090000000|100%| O|  |TAMS 0x000000008ff00000, 0x000000008ff00000| Untracked 
| 256|0x0000000090000000, 0x0000000090100000, 0x0000000090100000|100%| O|  |TAMS 0x0000000090000000, 0x0000000090000000| Untracked 
| 257|0x0000000090100000, 0x0000000090200000, 0x0000000090200000|100%| O|  |TAMS 0x0000000090100000, 0x0000000090100000| Untracked 
| 258|0x0000000090200000, 0x0000000090300000, 0x0000000090300000|100%| O|  |TAMS 0x0000000090200000, 0x0000000090200000| Untracked 
| 259|0x0000000090300000, 0x0000000090400000, 0x0000000090400000|100%| O|  |TAMS 0x0000000090300000, 0x0000000090300000| Untracked 
| 260|0x0000000090400000, 0x0000000090500000, 0x0000000090500000|100%| O|  |TAMS 0x0000000090400000, 0x0000000090400000| Untracked 
| 261|0x0000000090500000, 0x0000000090600000, 0x0000000090600000|100%| O|  |TAMS 0x0000000090500000, 0x0000000090500000| Untracked 
| 262|0x0000000090600000, 0x0000000090700000, 0x0000000090700000|100%| O|  |TAMS 0x0000000090600000, 0x0000000090600000| Untracked 
| 263|0x0000000090700000, 0x0000000090800000, 0x0000000090800000|100%| O|  |TAMS 0x0000000090700000, 0x0000000090700000| Untracked 
| 264|0x0000000090800000, 0x0000000090900000, 0x0000000090900000|100%| O|  |TAMS 0x0000000090800000, 0x0000000090800000| Untracked 
| 265|0x0000000090900000, 0x0000000090a00000, 0x0000000090a00000|100%| O|  |TAMS 0x0000000090900000, 0x0000000090900000| Untracked 
| 266|0x0000000090a00000, 0x0000000090b00000, 0x0000000090b00000|100%| O|  |TAMS 0x0000000090a00000, 0x0000000090a00000| Untracked 
| 267|0x0000000090b00000, 0x0000000090c00000, 0x0000000090c00000|100%| O|  |TAMS 0x0000000090b00000, 0x0000000090b00000| Untracked 
| 268|0x0000000090c00000, 0x0000000090d00000, 0x0000000090d00000|100%| O|  |TAMS 0x0000000090c00000, 0x0000000090c00000| Untracked 
| 269|0x0000000090d00000, 0x0000000090e00000, 0x0000000090e00000|100%| O|  |TAMS 0x0000000090d00000, 0x0000000090d00000| Untracked 
| 270|0x0000000090e00000, 0x0000000090f00000, 0x0000000090f00000|100%| O|  |TAMS 0x0000000090e00000, 0x0000000090e00000| Untracked 
| 271|0x0000000090f00000, 0x0000000091000000, 0x0000000091000000|100%| O|  |TAMS 0x0000000090f00000, 0x0000000090f00000| Untracked 
| 272|0x0000000091000000, 0x0000000091100000, 0x0000000091100000|100%| O|  |TAMS 0x0000000091000000, 0x0000000091000000| Untracked 
| 273|0x0000000091100000, 0x0000000091200000, 0x0000000091200000|100%| O|  |TAMS 0x0000000091100000, 0x0000000091100000| Untracked 
| 274|0x0000000091200000, 0x0000000091300000, 0x0000000091300000|100%| O|  |TAMS 0x0000000091200000, 0x0000000091200000| Untracked 
| 275|0x0000000091300000, 0x0000000091400000, 0x0000000091400000|100%| O|  |TAMS 0x0000000091300000, 0x0000000091300000| Untracked 
| 276|0x0000000091400000, 0x0000000091500000, 0x0000000091500000|100%| O|  |TAMS 0x0000000091400000, 0x0000000091400000| Untracked 
| 277|0x0000000091500000, 0x0000000091600000, 0x0000000091600000|100%| O|  |TAMS 0x0000000091500000, 0x0000000091500000| Untracked 
| 278|0x0000000091600000, 0x0000000091700000, 0x0000000091700000|100%| O|  |TAMS 0x0000000091600000, 0x0000000091600000| Untracked 
| 279|0x0000000091700000, 0x0000000091800000, 0x0000000091800000|100%| O|  |TAMS 0x0000000091700000, 0x0000000091700000| Untracked 
| 280|0x0000000091800000, 0x0000000091900000, 0x0000000091900000|100%| O|  |TAMS 0x0000000091800000, 0x0000000091800000| Untracked 
| 281|0x0000000091900000, 0x0000000091a00000, 0x0000000091a00000|100%| O|  |TAMS 0x0000000091900000, 0x0000000091900000| Untracked 
| 282|0x0000000091a00000, 0x0000000091b00000, 0x0000000091b00000|100%| O|  |TAMS 0x0000000091a00000, 0x0000000091a00000| Untracked 
| 283|0x0000000091b00000, 0x0000000091c00000, 0x0000000091c00000|100%| O|  |TAMS 0x0000000091b00000, 0x0000000091b00000| Untracked 
| 284|0x0000000091c00000, 0x0000000091d00000, 0x0000000091d00000|100%| O|  |TAMS 0x0000000091c00000, 0x0000000091c00000| Untracked 
| 285|0x0000000091d00000, 0x0000000091e00000, 0x0000000091e00000|100%| O|  |TAMS 0x0000000091d00000, 0x0000000091d00000| Untracked 
| 286|0x0000000091e00000, 0x0000000091f00000, 0x0000000091f00000|100%| O|  |TAMS 0x0000000091e00000, 0x0000000091e00000| Untracked 
| 287|0x0000000091f00000, 0x0000000092000000, 0x0000000092000000|100%| O|  |TAMS 0x0000000091f00000, 0x0000000091f00000| Untracked 
| 288|0x0000000092000000, 0x0000000092100000, 0x0000000092100000|100%| O|  |TAMS 0x0000000092000000, 0x0000000092000000| Untracked 
| 289|0x0000000092100000, 0x0000000092200000, 0x0000000092200000|100%| O|  |TAMS 0x0000000092100000, 0x0000000092100000| Untracked 
| 290|0x0000000092200000, 0x0000000092300000, 0x0000000092300000|100%| O|  |TAMS 0x0000000092200000, 0x0000000092200000| Untracked 
| 291|0x0000000092300000, 0x0000000092400000, 0x0000000092400000|100%| O|  |TAMS 0x0000000092300000, 0x0000000092300000| Untracked 
| 292|0x0000000092400000, 0x0000000092500000, 0x0000000092500000|100%| O|  |TAMS 0x0000000092400000, 0x0000000092400000| Untracked 
| 293|0x0000000092500000, 0x0000000092600000, 0x0000000092600000|100%| O|  |TAMS 0x0000000092500000, 0x0000000092500000| Untracked 
| 294|0x0000000092600000, 0x0000000092700000, 0x0000000092700000|100%| O|  |TAMS 0x0000000092600000, 0x0000000092600000| Untracked 
| 295|0x0000000092700000, 0x0000000092800000, 0x0000000092800000|100%| O|  |TAMS 0x0000000092700000, 0x0000000092700000| Untracked 
| 296|0x0000000092800000, 0x0000000092900000, 0x0000000092900000|100%| O|  |TAMS 0x0000000092800000, 0x0000000092800000| Untracked 
| 297|0x0000000092900000, 0x0000000092a00000, 0x0000000092a00000|100%| O|  |TAMS 0x0000000092900000, 0x0000000092900000| Untracked 
| 298|0x0000000092a00000, 0x0000000092b00000, 0x0000000092b00000|100%| O|  |TAMS 0x0000000092a00000, 0x0000000092a00000| Untracked 
| 299|0x0000000092b00000, 0x0000000092c00000, 0x0000000092c00000|100%| O|  |TAMS 0x0000000092b00000, 0x0000000092b00000| Untracked 
| 300|0x0000000092c00000, 0x0000000092d00000, 0x0000000092d00000|100%| O|  |TAMS 0x0000000092c00000, 0x0000000092c00000| Untracked 
| 301|0x0000000092d00000, 0x0000000092e00000, 0x0000000092e00000|100%| O|  |TAMS 0x0000000092d00000, 0x0000000092d00000| Untracked 
| 302|0x0000000092e00000, 0x0000000092f00000, 0x0000000092f00000|100%| O|  |TAMS 0x0000000092e00000, 0x0000000092e00000| Untracked 
| 303|0x0000000092f00000, 0x0000000093000000, 0x0000000093000000|100%| O|  |TAMS 0x0000000092f00000, 0x0000000092f00000| Untracked 
| 304|0x0000000093000000, 0x0000000093100000, 0x0000000093100000|100%| O|  |TAMS 0x0000000093000000, 0x0000000093000000| Untracked 
| 305|0x0000000093100000, 0x0000000093200000, 0x0000000093200000|100%| O|  |TAMS 0x0000000093100000, 0x0000000093100000| Untracked 
| 306|0x0000000093200000, 0x0000000093300000, 0x0000000093300000|100%| O|  |TAMS 0x0000000093200000, 0x0000000093200000| Untracked 
| 307|0x0000000093300000, 0x0000000093400000, 0x0000000093400000|100%| O|  |TAMS 0x0000000093300000, 0x0000000093300000| Untracked 
| 308|0x0000000093400000, 0x0000000093500000, 0x0000000093500000|100%| O|  |TAMS 0x0000000093400000, 0x0000000093400000| Untracked 
| 309|0x0000000093500000, 0x0000000093600000, 0x0000000093600000|100%| O|  |TAMS 0x0000000093500000, 0x0000000093500000| Untracked 
| 310|0x0000000093600000, 0x0000000093700000, 0x0000000093700000|100%| O|  |TAMS 0x0000000093600000, 0x0000000093600000| Untracked 
| 311|0x0000000093700000, 0x0000000093800000, 0x0000000093800000|100%| O|  |TAMS 0x0000000093700000, 0x0000000093700000| Untracked 
| 312|0x0000000093800000, 0x0000000093900000, 0x0000000093900000|100%| O|  |TAMS 0x0000000093800000, 0x0000000093800000| Untracked 
| 313|0x0000000093900000, 0x0000000093a00000, 0x0000000093a00000|100%| O|  |TAMS 0x0000000093900000, 0x0000000093900000| Untracked 
| 314|0x0000000093a00000, 0x0000000093b00000, 0x0000000093b00000|100%| O|  |TAMS 0x0000000093a00000, 0x0000000093a00000| Untracked 
| 315|0x0000000093b00000, 0x0000000093c00000, 0x0000000093c00000|100%| O|  |TAMS 0x0000000093b00000, 0x0000000093b00000| Untracked 
| 316|0x0000000093c00000, 0x0000000093d00000, 0x0000000093d00000|100%| O|  |TAMS 0x0000000093c00000, 0x0000000093c00000| Untracked 
| 317|0x0000000093d00000, 0x0000000093e00000, 0x0000000093e00000|100%| O|  |TAMS 0x0000000093d00000, 0x0000000093d00000| Untracked 
| 318|0x0000000093e00000, 0x0000000093f00000, 0x0000000093f00000|100%| O|  |TAMS 0x0000000093e00000, 0x0000000093e00000| Untracked 
| 319|0x0000000093f00000, 0x0000000094000000, 0x0000000094000000|100%| O|  |TAMS 0x0000000093f00000, 0x0000000093f00000| Untracked 
| 320|0x0000000094000000, 0x0000000094100000, 0x0000000094100000|100%| O|  |TAMS 0x0000000094000000, 0x0000000094000000| Untracked 
| 321|0x0000000094100000, 0x0000000094200000, 0x0000000094200000|100%| O|  |TAMS 0x0000000094100000, 0x0000000094100000| Untracked 
| 322|0x0000000094200000, 0x0000000094300000, 0x0000000094300000|100%| O|  |TAMS 0x0000000094200000, 0x0000000094200000| Untracked 
| 323|0x0000000094300000, 0x0000000094400000, 0x0000000094400000|100%| O|  |TAMS 0x0000000094300000, 0x0000000094300000| Untracked 
| 324|0x0000000094400000, 0x0000000094500000, 0x0000000094500000|100%| O|  |TAMS 0x0000000094400000, 0x0000000094400000| Untracked 
| 325|0x0000000094500000, 0x0000000094600000, 0x0000000094600000|100%| O|  |TAMS 0x0000000094500000, 0x0000000094500000| Untracked 
| 326|0x0000000094600000, 0x0000000094700000, 0x0000000094700000|100%| O|  |TAMS 0x0000000094600000, 0x0000000094600000| Untracked 
| 327|0x0000000094700000, 0x0000000094800000, 0x0000000094800000|100%| O|  |TAMS 0x0000000094700000, 0x0000000094700000| Untracked 
| 328|0x0000000094800000, 0x0000000094900000, 0x0000000094900000|100%| O|  |TAMS 0x0000000094800000, 0x0000000094800000| Untracked 
| 329|0x0000000094900000, 0x0000000094a00000, 0x0000000094a00000|100%| O|  |TAMS 0x0000000094900000, 0x0000000094900000| Untracked 
| 330|0x0000000094a00000, 0x0000000094b00000, 0x0000000094b00000|100%| O|  |TAMS 0x0000000094a00000, 0x0000000094a00000| Untracked 
| 331|0x0000000094b00000, 0x0000000094c00000, 0x0000000094c00000|100%| O|  |TAMS 0x0000000094b00000, 0x0000000094b00000| Untracked 
| 332|0x0000000094c00000, 0x0000000094d00000, 0x0000000094d00000|100%| O|  |TAMS 0x0000000094c00000, 0x0000000094c00000| Untracked 
| 333|0x0000000094d00000, 0x0000000094e00000, 0x0000000094e00000|100%| O|  |TAMS 0x0000000094d00000, 0x0000000094d00000| Untracked 
| 334|0x0000000094e00000, 0x0000000094f00000, 0x0000000094f00000|100%| O|  |TAMS 0x0000000094e00000, 0x0000000094e00000| Untracked 
| 335|0x0000000094f00000, 0x0000000095000000, 0x0000000095000000|100%| O|  |TAMS 0x0000000094f00000, 0x0000000094f00000| Untracked 
| 336|0x0000000095000000, 0x0000000095100000, 0x0000000095100000|100%| O|  |TAMS 0x0000000095000000, 0x0000000095000000| Untracked 
| 337|0x0000000095100000, 0x0000000095200000, 0x0000000095200000|100%| O|  |TAMS 0x0000000095100000, 0x0000000095100000| Untracked 
| 338|0x0000000095200000, 0x0000000095300000, 0x0000000095300000|100%| O|  |TAMS 0x0000000095200000, 0x0000000095200000| Untracked 
| 339|0x0000000095300000, 0x0000000095400000, 0x0000000095400000|100%| O|  |TAMS 0x0000000095300000, 0x0000000095300000| Untracked 
| 340|0x0000000095400000, 0x0000000095500000, 0x0000000095500000|100%| O|  |TAMS 0x0000000095400000, 0x0000000095400000| Untracked 
| 341|0x0000000095500000, 0x0000000095600000, 0x0000000095600000|100%| O|  |TAMS 0x0000000095500000, 0x0000000095500000| Untracked 
| 342|0x0000000095600000, 0x0000000095700000, 0x0000000095700000|100%| O|  |TAMS 0x0000000095600000, 0x0000000095600000| Untracked 
| 343|0x0000000095700000, 0x0000000095800000, 0x0000000095800000|100%| O|  |TAMS 0x0000000095700000, 0x0000000095700000| Untracked 
| 344|0x0000000095800000, 0x0000000095900000, 0x0000000095900000|100%| O|  |TAMS 0x0000000095800000, 0x0000000095800000| Untracked 
| 345|0x0000000095900000, 0x0000000095a00000, 0x0000000095a00000|100%| O|  |TAMS 0x0000000095900000, 0x0000000095900000| Untracked 
| 346|0x0000000095a00000, 0x0000000095b00000, 0x0000000095b00000|100%| O|  |TAMS 0x0000000095a00000, 0x0000000095a00000| Untracked 
| 347|0x0000000095b00000, 0x0000000095c00000, 0x0000000095c00000|100%| O|  |TAMS 0x0000000095b00000, 0x0000000095b00000| Untracked 
| 348|0x0000000095c00000, 0x0000000095d00000, 0x0000000095d00000|100%| O|  |TAMS 0x0000000095c00000, 0x0000000095c00000| Untracked 
| 349|0x0000000095d00000, 0x0000000095e00000, 0x0000000095e00000|100%| O|  |TAMS 0x0000000095d00000, 0x0000000095d00000| Untracked 
| 350|0x0000000095e00000, 0x0000000095f00000, 0x0000000095f00000|100%| O|  |TAMS 0x0000000095e00000, 0x0000000095e00000| Untracked 
| 351|0x0000000095f00000, 0x0000000096000000, 0x0000000096000000|100%| O|  |TAMS 0x0000000095f00000, 0x0000000095f00000| Untracked 
| 352|0x0000000096000000, 0x0000000096100000, 0x0000000096100000|100%| O|  |TAMS 0x0000000096000000, 0x0000000096000000| Untracked 
| 353|0x0000000096100000, 0x0000000096200000, 0x0000000096200000|100%| O|  |TAMS 0x0000000096100000, 0x0000000096100000| Untracked 
| 354|0x0000000096200000, 0x0000000096300000, 0x0000000096300000|100%| O|  |TAMS 0x0000000096200000, 0x0000000096200000| Untracked 
| 355|0x0000000096300000, 0x0000000096400000, 0x0000000096400000|100%| O|  |TAMS 0x0000000096300000, 0x0000000096300000| Untracked 
| 356|0x0000000096400000, 0x0000000096500000, 0x0000000096500000|100%| O|  |TAMS 0x0000000096400000, 0x0000000096400000| Untracked 
| 357|0x0000000096500000, 0x0000000096600000, 0x0000000096600000|100%| O|  |TAMS 0x0000000096500000, 0x0000000096500000| Untracked 
| 358|0x0000000096600000, 0x0000000096700000, 0x0000000096700000|100%| O|  |TAMS 0x0000000096600000, 0x0000000096600000| Untracked 
| 359|0x0000000096700000, 0x0000000096800000, 0x0000000096800000|100%| O|  |TAMS 0x0000000096700000, 0x0000000096700000| Untracked 
| 360|0x0000000096800000, 0x0000000096900000, 0x0000000096900000|100%| O|  |TAMS 0x0000000096800000, 0x0000000096800000| Untracked 
| 361|0x0000000096900000, 0x0000000096a00000, 0x0000000096a00000|100%| O|  |TAMS 0x0000000096900000, 0x0000000096900000| Untracked 
| 362|0x0000000096a00000, 0x0000000096b00000, 0x0000000096b00000|100%| O|  |TAMS 0x0000000096a00000, 0x0000000096a00000| Untracked 
| 363|0x0000000096b00000, 0x0000000096c00000, 0x0000000096c00000|100%| O|  |TAMS 0x0000000096b00000, 0x0000000096b00000| Untracked 
| 364|0x0000000096c00000, 0x0000000096d00000, 0x0000000096d00000|100%| O|  |TAMS 0x0000000096c00000, 0x0000000096c00000| Untracked 
| 365|0x0000000096d00000, 0x0000000096e00000, 0x0000000096e00000|100%| O|  |TAMS 0x0000000096d00000, 0x0000000096d00000| Untracked 
| 366|0x0000000096e00000, 0x0000000096f00000, 0x0000000096f00000|100%| O|  |TAMS 0x0000000096e00000, 0x0000000096e00000| Untracked 
| 367|0x0000000096f00000, 0x0000000097000000, 0x0000000097000000|100%| O|  |TAMS 0x0000000096f00000, 0x0000000096f00000| Untracked 
| 368|0x0000000097000000, 0x0000000097100000, 0x0000000097100000|100%| O|  |TAMS 0x0000000097000000, 0x0000000097000000| Untracked 
| 369|0x0000000097100000, 0x0000000097200000, 0x0000000097200000|100%| O|  |TAMS 0x0000000097100000, 0x0000000097100000| Untracked 
| 370|0x0000000097200000, 0x0000000097300000, 0x0000000097300000|100%| O|  |TAMS 0x0000000097200000, 0x0000000097200000| Untracked 
| 371|0x0000000097300000, 0x0000000097400000, 0x0000000097400000|100%| O|  |TAMS 0x0000000097300000, 0x0000000097300000| Untracked 
| 372|0x0000000097400000, 0x0000000097500000, 0x0000000097500000|100%| O|  |TAMS 0x0000000097400000, 0x0000000097400000| Untracked 
| 373|0x0000000097500000, 0x0000000097600000, 0x0000000097600000|100%| O|  |TAMS 0x0000000097500000, 0x0000000097500000| Untracked 
| 374|0x0000000097600000, 0x0000000097700000, 0x0000000097700000|100%| O|  |TAMS 0x0000000097600000, 0x0000000097600000| Untracked 
| 375|0x0000000097700000, 0x0000000097800000, 0x0000000097800000|100%| O|  |TAMS 0x0000000097700000, 0x0000000097700000| Untracked 
| 376|0x0000000097800000, 0x0000000097900000, 0x0000000097900000|100%| O|  |TAMS 0x0000000097800000, 0x0000000097800000| Untracked 
| 377|0x0000000097900000, 0x0000000097a00000, 0x0000000097a00000|100%| O|  |TAMS 0x0000000097900000, 0x0000000097900000| Untracked 
| 378|0x0000000097a00000, 0x0000000097b00000, 0x0000000097b00000|100%| O|  |TAMS 0x0000000097a00000, 0x0000000097a00000| Untracked 
| 379|0x0000000097b00000, 0x0000000097c00000, 0x0000000097c00000|100%| O|  |TAMS 0x0000000097b00000, 0x0000000097b00000| Untracked 
| 380|0x0000000097c00000, 0x0000000097d00000, 0x0000000097d00000|100%| O|  |TAMS 0x0000000097c00000, 0x0000000097c00000| Untracked 
| 381|0x0000000097d00000, 0x0000000097e00000, 0x0000000097e00000|100%| O|  |TAMS 0x0000000097d00000, 0x0000000097d00000| Untracked 
| 382|0x0000000097e00000, 0x0000000097f00000, 0x0000000097f00000|100%| O|  |TAMS 0x0000000097e00000, 0x0000000097e00000| Untracked 
| 383|0x0000000097f00000, 0x0000000098000000, 0x0000000098000000|100%| O|  |TAMS 0x0000000097f00000, 0x0000000097f00000| Untracked 
| 384|0x0000000098000000, 0x0000000098100000, 0x0000000098100000|100%| O|  |TAMS 0x0000000098000000, 0x0000000098000000| Untracked 
| 385|0x0000000098100000, 0x0000000098200000, 0x0000000098200000|100%| O|  |TAMS 0x0000000098100000, 0x0000000098100000| Untracked 
| 386|0x0000000098200000, 0x0000000098300000, 0x0000000098300000|100%| O|  |TAMS 0x0000000098200000, 0x0000000098200000| Untracked 
| 387|0x0000000098300000, 0x0000000098400000, 0x0000000098400000|100%| O|  |TAMS 0x0000000098300000, 0x0000000098300000| Untracked 
| 388|0x0000000098400000, 0x0000000098500000, 0x0000000098500000|100%| O|  |TAMS 0x0000000098400000, 0x0000000098400000| Untracked 
| 389|0x0000000098500000, 0x0000000098600000, 0x0000000098600000|100%| O|  |TAMS 0x0000000098500000, 0x0000000098500000| Untracked 
| 390|0x0000000098600000, 0x0000000098700000, 0x0000000098700000|100%| O|  |TAMS 0x0000000098600000, 0x0000000098600000| Untracked 
| 391|0x0000000098700000, 0x0000000098800000, 0x0000000098800000|100%| O|  |TAMS 0x0000000098700000, 0x0000000098700000| Untracked 
| 392|0x0000000098800000, 0x0000000098900000, 0x0000000098900000|100%| O|  |TAMS 0x0000000098800000, 0x0000000098800000| Untracked 
| 393|0x0000000098900000, 0x0000000098a00000, 0x0000000098a00000|100%| O|  |TAMS 0x0000000098900000, 0x0000000098900000| Untracked 
| 394|0x0000000098a00000, 0x0000000098b00000, 0x0000000098b00000|100%| O|  |TAMS 0x0000000098a00000, 0x0000000098a00000| Untracked 
| 395|0x0000000098b00000, 0x0000000098c00000, 0x0000000098c00000|100%| O|  |TAMS 0x0000000098b00000, 0x0000000098b00000| Untracked 
| 396|0x0000000098c00000, 0x0000000098d00000, 0x0000000098d00000|100%| O|  |TAMS 0x0000000098c00000, 0x0000000098c00000| Untracked 
| 397|0x0000000098d00000, 0x0000000098db7600, 0x0000000098e00000| 71%| O|  |TAMS 0x0000000098d00000, 0x0000000098d00000| Untracked 
| 398|0x0000000098e00000, 0x0000000098e00000, 0x0000000098f00000|  0%| F|  |TAMS 0x0000000098e00000, 0x0000000098e00000| Untracked 
| 399|0x0000000098f00000, 0x0000000098f00000, 0x0000000099000000|  0%| F|  |TAMS 0x0000000098f00000, 0x0000000098f00000| Untracked 
| 400|0x0000000099000000, 0x0000000099000000, 0x0000000099100000|  0%| F|  |TAMS 0x0000000099000000, 0x0000000099000000| Untracked 
| 401|0x0000000099100000, 0x0000000099100000, 0x0000000099200000|  0%| F|  |TAMS 0x0000000099100000, 0x0000000099100000| Untracked 
| 402|0x0000000099200000, 0x0000000099200000, 0x0000000099300000|  0%| F|  |TAMS 0x0000000099200000, 0x0000000099200000| Untracked 
| 403|0x0000000099300000, 0x0000000099300000, 0x0000000099400000|  0%| F|  |TAMS 0x0000000099300000, 0x0000000099300000| Untracked 
| 404|0x0000000099400000, 0x0000000099400000, 0x0000000099500000|  0%| F|  |TAMS 0x0000000099400000, 0x0000000099400000| Untracked 
| 405|0x0000000099500000, 0x0000000099500000, 0x0000000099600000|  0%| F|  |TAMS 0x0000000099500000, 0x0000000099500000| Untracked 
| 406|0x0000000099600000, 0x0000000099600000, 0x0000000099700000|  0%| F|  |TAMS 0x0000000099600000, 0x0000000099600000| Untracked 
| 407|0x0000000099700000, 0x0000000099700000, 0x0000000099800000|  0%| F|  |TAMS 0x0000000099700000, 0x0000000099700000| Untracked 
| 408|0x0000000099800000, 0x0000000099800000, 0x0000000099900000|  0%| F|  |TAMS 0x0000000099800000, 0x0000000099800000| Untracked 
| 409|0x0000000099900000, 0x0000000099900000, 0x0000000099a00000|  0%| F|  |TAMS 0x0000000099900000, 0x0000000099900000| Untracked 
| 410|0x0000000099a00000, 0x0000000099a00000, 0x0000000099b00000|  0%| F|  |TAMS 0x0000000099a00000, 0x0000000099a00000| Untracked 
| 411|0x0000000099b00000, 0x0000000099b00000, 0x0000000099c00000|  0%| F|  |TAMS 0x0000000099b00000, 0x0000000099b00000| Untracked 
| 412|0x0000000099c00000, 0x0000000099c00000, 0x0000000099d00000|  0%| F|  |TAMS 0x0000000099c00000, 0x0000000099c00000| Untracked 
| 413|0x0000000099d00000, 0x0000000099d00000, 0x0000000099e00000|  0%| F|  |TAMS 0x0000000099d00000, 0x0000000099d00000| Untracked 
| 414|0x0000000099e00000, 0x0000000099e00000, 0x0000000099f00000|  0%| F|  |TAMS 0x0000000099e00000, 0x0000000099e00000| Untracked 
| 415|0x0000000099f00000, 0x0000000099f00000, 0x000000009a000000|  0%| F|  |TAMS 0x0000000099f00000, 0x0000000099f00000| Untracked 
| 416|0x000000009a000000, 0x000000009a000000, 0x000000009a100000|  0%| F|  |TAMS 0x000000009a000000, 0x000000009a000000| Untracked 
| 417|0x000000009a100000, 0x000000009a100000, 0x000000009a200000|  0%| F|  |TAMS 0x000000009a100000, 0x000000009a100000| Untracked 
| 418|0x000000009a200000, 0x000000009a200000, 0x000000009a300000|  0%| F|  |TAMS 0x000000009a200000, 0x000000009a200000| Untracked 
| 419|0x000000009a300000, 0x000000009a300000, 0x000000009a400000|  0%| F|  |TAMS 0x000000009a300000, 0x000000009a300000| Untracked 
| 420|0x000000009a400000, 0x000000009a400000, 0x000000009a500000|  0%| F|  |TAMS 0x000000009a400000, 0x000000009a400000| Untracked 
| 421|0x000000009a500000, 0x000000009a500000, 0x000000009a600000|  0%| F|  |TAMS 0x000000009a500000, 0x000000009a500000| Untracked 
| 422|0x000000009a600000, 0x000000009a600000, 0x000000009a700000|  0%| F|  |TAMS 0x000000009a600000, 0x000000009a600000| Untracked 
| 423|0x000000009a700000, 0x000000009a700000, 0x000000009a800000|  0%| F|  |TAMS 0x000000009a700000, 0x000000009a700000| Untracked 
| 424|0x000000009a800000, 0x000000009a800000, 0x000000009a900000|  0%| F|  |TAMS 0x000000009a800000, 0x000000009a800000| Untracked 
| 425|0x000000009a900000, 0x000000009a900000, 0x000000009aa00000|  0%| F|  |TAMS 0x000000009a900000, 0x000000009a900000| Untracked 
| 426|0x000000009aa00000, 0x000000009aa00000, 0x000000009ab00000|  0%| F|  |TAMS 0x000000009aa00000, 0x000000009aa00000| Untracked 
| 427|0x000000009ab00000, 0x000000009ab00000, 0x000000009ac00000|  0%| F|  |TAMS 0x000000009ab00000, 0x000000009ab00000| Untracked 
| 428|0x000000009ac00000, 0x000000009ac00000, 0x000000009ad00000|  0%| F|  |TAMS 0x000000009ac00000, 0x000000009ac00000| Untracked 
| 429|0x000000009ad00000, 0x000000009ad00000, 0x000000009ae00000|  0%| F|  |TAMS 0x000000009ad00000, 0x000000009ad00000| Untracked 
| 430|0x000000009ae00000, 0x000000009ae00000, 0x000000009af00000|  0%| F|  |TAMS 0x000000009ae00000, 0x000000009ae00000| Untracked 
| 431|0x000000009af00000, 0x000000009af00000, 0x000000009b000000|  0%| F|  |TAMS 0x000000009af00000, 0x000000009af00000| Untracked 
| 432|0x000000009b000000, 0x000000009b000000, 0x000000009b100000|  0%| F|  |TAMS 0x000000009b000000, 0x000000009b000000| Untracked 
| 433|0x000000009b100000, 0x000000009b100000, 0x000000009b200000|  0%| F|  |TAMS 0x000000009b100000, 0x000000009b100000| Untracked 
| 434|0x000000009b200000, 0x000000009b200000, 0x000000009b300000|  0%| F|  |TAMS 0x000000009b200000, 0x000000009b200000| Untracked 
| 435|0x000000009b300000, 0x000000009b300000, 0x000000009b400000|  0%| F|  |TAMS 0x000000009b300000, 0x000000009b300000| Untracked 
| 436|0x000000009b400000, 0x000000009b400000, 0x000000009b500000|  0%| F|  |TAMS 0x000000009b400000, 0x000000009b400000| Untracked 
| 437|0x000000009b500000, 0x000000009b500000, 0x000000009b600000|  0%| F|  |TAMS 0x000000009b500000, 0x000000009b500000| Untracked 
| 438|0x000000009b600000, 0x000000009b600000, 0x000000009b700000|  0%| F|  |TAMS 0x000000009b600000, 0x000000009b600000| Untracked 
| 439|0x000000009b700000, 0x000000009b700000, 0x000000009b800000|  0%| F|  |TAMS 0x000000009b700000, 0x000000009b700000| Untracked 
| 440|0x000000009b800000, 0x000000009b800000, 0x000000009b900000|  0%| F|  |TAMS 0x000000009b800000, 0x000000009b800000| Untracked 
| 441|0x000000009b900000, 0x000000009b900000, 0x000000009ba00000|  0%| F|  |TAMS 0x000000009b900000, 0x000000009b900000| Untracked 
| 442|0x000000009ba00000, 0x000000009ba00000, 0x000000009bb00000|  0%| F|  |TAMS 0x000000009ba00000, 0x000000009ba00000| Untracked 
| 443|0x000000009bb00000, 0x000000009bb00000, 0x000000009bc00000|  0%| F|  |TAMS 0x000000009bb00000, 0x000000009bb00000| Untracked 
| 444|0x000000009bc00000, 0x000000009bc00000, 0x000000009bd00000|  0%| F|  |TAMS 0x000000009bc00000, 0x000000009bc00000| Untracked 
| 445|0x000000009bd00000, 0x000000009bd00000, 0x000000009be00000|  0%| F|  |TAMS 0x000000009bd00000, 0x000000009bd00000| Untracked 
| 446|0x000000009be00000, 0x000000009be00000, 0x000000009bf00000|  0%| F|  |TAMS 0x000000009be00000, 0x000000009be00000| Untracked 
| 447|0x000000009bf00000, 0x000000009bf00000, 0x000000009c000000|  0%| F|  |TAMS 0x000000009bf00000, 0x000000009bf00000| Untracked 
| 448|0x000000009c000000, 0x000000009c000000, 0x000000009c100000|  0%| F|  |TAMS 0x000000009c000000, 0x000000009c000000| Untracked 
| 449|0x000000009c100000, 0x000000009c100000, 0x000000009c200000|  0%| F|  |TAMS 0x000000009c100000, 0x000000009c100000| Untracked 
| 450|0x000000009c200000, 0x000000009c200000, 0x000000009c300000|  0%| F|  |TAMS 0x000000009c200000, 0x000000009c200000| Untracked 
| 451|0x000000009c300000, 0x000000009c300000, 0x000000009c400000|  0%| F|  |TAMS 0x000000009c300000, 0x000000009c300000| Untracked 
| 452|0x000000009c400000, 0x000000009c400000, 0x000000009c500000|  0%| F|  |TAMS 0x000000009c400000, 0x000000009c400000| Untracked 
| 453|0x000000009c500000, 0x000000009c500000, 0x000000009c600000|  0%| F|  |TAMS 0x000000009c500000, 0x000000009c500000| Untracked 
| 454|0x000000009c600000, 0x000000009c600000, 0x000000009c700000|  0%| F|  |TAMS 0x000000009c600000, 0x000000009c600000| Untracked 
| 455|0x000000009c700000, 0x000000009c700000, 0x000000009c800000|  0%| F|  |TAMS 0x000000009c700000, 0x000000009c700000| Untracked 
| 456|0x000000009c800000, 0x000000009c800000, 0x000000009c900000|  0%| F|  |TAMS 0x000000009c800000, 0x000000009c800000| Untracked 
| 457|0x000000009c900000, 0x000000009c900000, 0x000000009ca00000|  0%| F|  |TAMS 0x000000009c900000, 0x000000009c900000| Untracked 
| 458|0x000000009ca00000, 0x000000009ca00000, 0x000000009cb00000|  0%| F|  |TAMS 0x000000009ca00000, 0x000000009ca00000| Untracked 
| 459|0x000000009cb00000, 0x000000009cb00000, 0x000000009cc00000|  0%| F|  |TAMS 0x000000009cb00000, 0x000000009cb00000| Untracked 
| 460|0x000000009cc00000, 0x000000009cc00000, 0x000000009cd00000|  0%| F|  |TAMS 0x000000009cc00000, 0x000000009cc00000| Untracked 
| 461|0x000000009cd00000, 0x000000009cd00000, 0x000000009ce00000|  0%| F|  |TAMS 0x000000009cd00000, 0x000000009cd00000| Untracked 
| 462|0x000000009ce00000, 0x000000009ce00000, 0x000000009cf00000|  0%| F|  |TAMS 0x000000009ce00000, 0x000000009ce00000| Untracked 
| 463|0x000000009cf00000, 0x000000009cf00000, 0x000000009d000000|  0%| F|  |TAMS 0x000000009cf00000, 0x000000009cf00000| Untracked 
| 464|0x000000009d000000, 0x000000009d000000, 0x000000009d100000|  0%| F|  |TAMS 0x000000009d000000, 0x000000009d000000| Untracked 
| 465|0x000000009d100000, 0x000000009d100000, 0x000000009d200000|  0%| F|  |TAMS 0x000000009d100000, 0x000000009d100000| Untracked 
| 466|0x000000009d200000, 0x000000009d200000, 0x000000009d300000|  0%| F|  |TAMS 0x000000009d200000, 0x000000009d200000| Untracked 
| 467|0x000000009d300000, 0x000000009d300000, 0x000000009d400000|  0%| F|  |TAMS 0x000000009d300000, 0x000000009d300000| Untracked 
| 468|0x000000009d400000, 0x000000009d400000, 0x000000009d500000|  0%| F|  |TAMS 0x000000009d400000, 0x000000009d400000| Untracked 
| 469|0x000000009d500000, 0x000000009d500000, 0x000000009d600000|  0%| F|  |TAMS 0x000000009d500000, 0x000000009d500000| Untracked 
| 470|0x000000009d600000, 0x000000009d600000, 0x000000009d700000|  0%| F|  |TAMS 0x000000009d600000, 0x000000009d600000| Untracked 
| 471|0x000000009d700000, 0x000000009d700000, 0x000000009d800000|  0%| F|  |TAMS 0x000000009d700000, 0x000000009d700000| Untracked 
| 472|0x000000009d800000, 0x000000009d800000, 0x000000009d900000|  0%| F|  |TAMS 0x000000009d800000, 0x000000009d800000| Untracked 
| 473|0x000000009d900000, 0x000000009d900000, 0x000000009da00000|  0%| F|  |TAMS 0x000000009d900000, 0x000000009d900000| Untracked 
| 474|0x000000009da00000, 0x000000009da00000, 0x000000009db00000|  0%| F|  |TAMS 0x000000009da00000, 0x000000009da00000| Untracked 
| 475|0x000000009db00000, 0x000000009db00000, 0x000000009dc00000|  0%| F|  |TAMS 0x000000009db00000, 0x000000009db00000| Untracked 
| 476|0x000000009dc00000, 0x000000009dc00000, 0x000000009dd00000|  0%| F|  |TAMS 0x000000009dc00000, 0x000000009dc00000| Untracked 
| 477|0x000000009dd00000, 0x000000009dd00000, 0x000000009de00000|  0%| F|  |TAMS 0x000000009dd00000, 0x000000009dd00000| Untracked 
| 478|0x000000009de00000, 0x000000009de00000, 0x000000009df00000|  0%| F|  |TAMS 0x000000009de00000, 0x000000009de00000| Untracked 
| 479|0x000000009df00000, 0x000000009df00000, 0x000000009e000000|  0%| F|  |TAMS 0x000000009df00000, 0x000000009df00000| Untracked 
| 480|0x000000009e000000, 0x000000009e000000, 0x000000009e100000|  0%| F|  |TAMS 0x000000009e000000, 0x000000009e000000| Untracked 
| 481|0x000000009e100000, 0x000000009e100000, 0x000000009e200000|  0%| F|  |TAMS 0x000000009e100000, 0x000000009e100000| Untracked 
| 482|0x000000009e200000, 0x000000009e200000, 0x000000009e300000|  0%| F|  |TAMS 0x000000009e200000, 0x000000009e200000| Untracked 
| 483|0x000000009e300000, 0x000000009e300000, 0x000000009e400000|  0%| F|  |TAMS 0x000000009e300000, 0x000000009e300000| Untracked 
| 484|0x000000009e400000, 0x000000009e400000, 0x000000009e500000|  0%| F|  |TAMS 0x000000009e400000, 0x000000009e400000| Untracked 
| 485|0x000000009e500000, 0x000000009e500000, 0x000000009e600000|  0%| F|  |TAMS 0x000000009e500000, 0x000000009e500000| Untracked 
| 486|0x000000009e600000, 0x000000009e600000, 0x000000009e700000|  0%| F|  |TAMS 0x000000009e600000, 0x000000009e600000| Untracked 
| 487|0x000000009e700000, 0x000000009e700000, 0x000000009e800000|  0%| F|  |TAMS 0x000000009e700000, 0x000000009e700000| Untracked 
| 488|0x000000009e800000, 0x000000009e800000, 0x000000009e900000|  0%| F|  |TAMS 0x000000009e800000, 0x000000009e800000| Untracked 
| 489|0x000000009e900000, 0x000000009e900000, 0x000000009ea00000|  0%| F|  |TAMS 0x000000009e900000, 0x000000009e900000| Untracked 
| 490|0x000000009ea00000, 0x000000009ea00000, 0x000000009eb00000|  0%| F|  |TAMS 0x000000009ea00000, 0x000000009ea00000| Untracked 
| 491|0x000000009eb00000, 0x000000009eb00000, 0x000000009ec00000|  0%| F|  |TAMS 0x000000009eb00000, 0x000000009eb00000| Untracked 
| 492|0x000000009ec00000, 0x000000009ec00000, 0x000000009ed00000|  0%| F|  |TAMS 0x000000009ec00000, 0x000000009ec00000| Untracked 
| 493|0x000000009ed00000, 0x000000009ed00000, 0x000000009ee00000|  0%| F|  |TAMS 0x000000009ed00000, 0x000000009ed00000| Untracked 
| 494|0x000000009ee00000, 0x000000009eebe920, 0x000000009ef00000| 74%| S|CS|TAMS 0x000000009ee00000, 0x000000009ee00000| Complete 
| 495|0x000000009ef00000, 0x000000009ef00000, 0x000000009f000000|  0%| F|  |TAMS 0x000000009ef00000, 0x000000009ef00000| Untracked 
| 496|0x000000009f000000, 0x000000009f000000, 0x000000009f100000|  0%| F|  |TAMS 0x000000009f000000, 0x000000009f000000| Untracked 
| 497|0x000000009f100000, 0x000000009f100000, 0x000000009f200000|  0%| F|  |TAMS 0x000000009f100000, 0x000000009f100000| Untracked 
| 498|0x000000009f200000, 0x000000009f200000, 0x000000009f300000|  0%| F|  |TAMS 0x000000009f200000, 0x000000009f200000| Untracked 
| 499|0x000000009f300000, 0x000000009f300000, 0x000000009f400000|  0%| F|  |TAMS 0x000000009f300000, 0x000000009f300000| Untracked 
| 500|0x000000009f400000, 0x000000009f400000, 0x000000009f500000|  0%| F|  |TAMS 0x000000009f400000, 0x000000009f400000| Untracked 
| 501|0x000000009f500000, 0x000000009f500000, 0x000000009f600000|  0%| F|  |TAMS 0x000000009f500000, 0x000000009f500000| Untracked 
| 502|0x000000009f600000, 0x000000009f600000, 0x000000009f700000|  0%| F|  |TAMS 0x000000009f600000, 0x000000009f600000| Untracked 
| 503|0x000000009f700000, 0x000000009f700000, 0x000000009f800000|  0%| F|  |TAMS 0x000000009f700000, 0x000000009f700000| Untracked 
| 504|0x000000009f800000, 0x000000009f800000, 0x000000009f900000|  0%| F|  |TAMS 0x000000009f800000, 0x000000009f800000| Untracked 
| 505|0x000000009f900000, 0x000000009f900000, 0x000000009fa00000|  0%| F|  |TAMS 0x000000009f900000, 0x000000009f900000| Untracked 
| 506|0x000000009fa00000, 0x000000009fa00000, 0x000000009fb00000|  0%| F|  |TAMS 0x000000009fa00000, 0x000000009fa00000| Untracked 
| 507|0x000000009fb00000, 0x000000009fb00000, 0x000000009fc00000|  0%| F|  |TAMS 0x000000009fb00000, 0x000000009fb00000| Untracked 
| 508|0x000000009fc00000, 0x000000009fc00000, 0x000000009fd00000|  0%| F|  |TAMS 0x000000009fc00000, 0x000000009fc00000| Untracked 
| 509|0x000000009fd00000, 0x000000009fd00000, 0x000000009fe00000|  0%| F|  |TAMS 0x000000009fd00000, 0x000000009fd00000| Untracked 
| 510|0x000000009fe00000, 0x000000009ff00000, 0x000000009ff00000|100%| S|CS|TAMS 0x000000009fe00000, 0x000000009fe00000| Complete 
| 511|0x000000009ff00000, 0x00000000a0000000, 0x00000000a0000000|100%| S|CS|TAMS 0x000000009ff00000, 0x000000009ff00000| Complete 
| 512|0x00000000a0000000, 0x00000000a0100000, 0x00000000a0100000|100%| S|CS|TAMS 0x00000000a0000000, 0x00000000a0000000| Complete 
| 513|0x00000000a0100000, 0x00000000a0200000, 0x00000000a0200000|100%| S|CS|TAMS 0x00000000a0100000, 0x00000000a0100000| Complete 
| 514|0x00000000a0200000, 0x00000000a0300000, 0x00000000a0300000|100%| S|CS|TAMS 0x00000000a0200000, 0x00000000a0200000| Complete 
| 515|0x00000000a0300000, 0x00000000a0400000, 0x00000000a0400000|100%| S|CS|TAMS 0x00000000a0300000, 0x00000000a0300000| Complete 
| 516|0x00000000a0400000, 0x00000000a0500000, 0x00000000a0500000|100%| S|CS|TAMS 0x00000000a0400000, 0x00000000a0400000| Complete 
| 517|0x00000000a0500000, 0x00000000a0600000, 0x00000000a0600000|100%| S|CS|TAMS 0x00000000a0500000, 0x00000000a0500000| Complete 
| 518|0x00000000a0600000, 0x00000000a0700000, 0x00000000a0700000|100%| S|CS|TAMS 0x00000000a0600000, 0x00000000a0600000| Complete 
| 519|0x00000000a0700000, 0x00000000a0800000, 0x00000000a0800000|100%| S|CS|TAMS 0x00000000a0700000, 0x00000000a0700000| Complete 
| 520|0x00000000a0800000, 0x00000000a0800000, 0x00000000a0900000|  0%| F|  |TAMS 0x00000000a0800000, 0x00000000a0800000| Untracked 
| 521|0x00000000a0900000, 0x00000000a0900000, 0x00000000a0a00000|  0%| F|  |TAMS 0x00000000a0900000, 0x00000000a0900000| Untracked 
| 522|0x00000000a0a00000, 0x00000000a0a00000, 0x00000000a0b00000|  0%| F|  |TAMS 0x00000000a0a00000, 0x00000000a0a00000| Untracked 
| 523|0x00000000a0b00000, 0x00000000a0b00000, 0x00000000a0c00000|  0%| F|  |TAMS 0x00000000a0b00000, 0x00000000a0b00000| Untracked 
| 524|0x00000000a0c00000, 0x00000000a0c00000, 0x00000000a0d00000|  0%| F|  |TAMS 0x00000000a0c00000, 0x00000000a0c00000| Untracked 
| 525|0x00000000a0d00000, 0x00000000a0d00000, 0x00000000a0e00000|  0%| F|  |TAMS 0x00000000a0d00000, 0x00000000a0d00000| Untracked 
| 526|0x00000000a0e00000, 0x00000000a0e00000, 0x00000000a0f00000|  0%| F|  |TAMS 0x00000000a0e00000, 0x00000000a0e00000| Untracked 
| 527|0x00000000a0f00000, 0x00000000a0f00000, 0x00000000a1000000|  0%| F|  |TAMS 0x00000000a0f00000, 0x00000000a0f00000| Untracked 
| 528|0x00000000a1000000, 0x00000000a1000000, 0x00000000a1100000|  0%| F|  |TAMS 0x00000000a1000000, 0x00000000a1000000| Untracked 
| 529|0x00000000a1100000, 0x00000000a1100000, 0x00000000a1200000|  0%| F|  |TAMS 0x00000000a1100000, 0x00000000a1100000| Untracked 
| 530|0x00000000a1200000, 0x00000000a1200000, 0x00000000a1300000|  0%| F|  |TAMS 0x00000000a1200000, 0x00000000a1200000| Untracked 
| 531|0x00000000a1300000, 0x00000000a1300000, 0x00000000a1400000|  0%| F|  |TAMS 0x00000000a1300000, 0x00000000a1300000| Untracked 
| 532|0x00000000a1400000, 0x00000000a1400000, 0x00000000a1500000|  0%| F|  |TAMS 0x00000000a1400000, 0x00000000a1400000| Untracked 
| 533|0x00000000a1500000, 0x00000000a1500000, 0x00000000a1600000|  0%| F|  |TAMS 0x00000000a1500000, 0x00000000a1500000| Untracked 
| 534|0x00000000a1600000, 0x00000000a1600000, 0x00000000a1700000|  0%| F|  |TAMS 0x00000000a1600000, 0x00000000a1600000| Untracked 
| 535|0x00000000a1700000, 0x00000000a1700000, 0x00000000a1800000|  0%| F|  |TAMS 0x00000000a1700000, 0x00000000a1700000| Untracked 
| 536|0x00000000a1800000, 0x00000000a1800000, 0x00000000a1900000|  0%| F|  |TAMS 0x00000000a1800000, 0x00000000a1800000| Untracked 
| 537|0x00000000a1900000, 0x00000000a1900000, 0x00000000a1a00000|  0%| F|  |TAMS 0x00000000a1900000, 0x00000000a1900000| Untracked 
| 538|0x00000000a1a00000, 0x00000000a1a00000, 0x00000000a1b00000|  0%| F|  |TAMS 0x00000000a1a00000, 0x00000000a1a00000| Untracked 
| 539|0x00000000a1b00000, 0x00000000a1b00000, 0x00000000a1c00000|  0%| F|  |TAMS 0x00000000a1b00000, 0x00000000a1b00000| Untracked 
| 540|0x00000000a1c00000, 0x00000000a1c00000, 0x00000000a1d00000|  0%| F|  |TAMS 0x00000000a1c00000, 0x00000000a1c00000| Untracked 
| 541|0x00000000a1d00000, 0x00000000a1d00000, 0x00000000a1e00000|  0%| F|  |TAMS 0x00000000a1d00000, 0x00000000a1d00000| Untracked 
| 542|0x00000000a1e00000, 0x00000000a1e00000, 0x00000000a1f00000|  0%| F|  |TAMS 0x00000000a1e00000, 0x00000000a1e00000| Untracked 
| 543|0x00000000a1f00000, 0x00000000a1f00000, 0x00000000a2000000|  0%| F|  |TAMS 0x00000000a1f00000, 0x00000000a1f00000| Untracked 
| 544|0x00000000a2000000, 0x00000000a2000000, 0x00000000a2100000|  0%| F|  |TAMS 0x00000000a2000000, 0x00000000a2000000| Untracked 
| 545|0x00000000a2100000, 0x00000000a2100000, 0x00000000a2200000|  0%| F|  |TAMS 0x00000000a2100000, 0x00000000a2100000| Untracked 
| 546|0x00000000a2200000, 0x00000000a2200000, 0x00000000a2300000|  0%| F|  |TAMS 0x00000000a2200000, 0x00000000a2200000| Untracked 
| 547|0x00000000a2300000, 0x00000000a2300000, 0x00000000a2400000|  0%| F|  |TAMS 0x00000000a2300000, 0x00000000a2300000| Untracked 
| 548|0x00000000a2400000, 0x00000000a2400000, 0x00000000a2500000|  0%| F|  |TAMS 0x00000000a2400000, 0x00000000a2400000| Untracked 
| 549|0x00000000a2500000, 0x00000000a2500000, 0x00000000a2600000|  0%| F|  |TAMS 0x00000000a2500000, 0x00000000a2500000| Untracked 
| 550|0x00000000a2600000, 0x00000000a2600000, 0x00000000a2700000|  0%| F|  |TAMS 0x00000000a2600000, 0x00000000a2600000| Untracked 
| 551|0x00000000a2700000, 0x00000000a2700000, 0x00000000a2800000|  0%| F|  |TAMS 0x00000000a2700000, 0x00000000a2700000| Untracked 
| 552|0x00000000a2800000, 0x00000000a2800000, 0x00000000a2900000|  0%| F|  |TAMS 0x00000000a2800000, 0x00000000a2800000| Untracked 
| 553|0x00000000a2900000, 0x00000000a2900000, 0x00000000a2a00000|  0%| F|  |TAMS 0x00000000a2900000, 0x00000000a2900000| Untracked 
| 554|0x00000000a2a00000, 0x00000000a2a00000, 0x00000000a2b00000|  0%| F|  |TAMS 0x00000000a2a00000, 0x00000000a2a00000| Untracked 
| 555|0x00000000a2b00000, 0x00000000a2b00000, 0x00000000a2c00000|  0%| F|  |TAMS 0x00000000a2b00000, 0x00000000a2b00000| Untracked 
| 556|0x00000000a2c00000, 0x00000000a2c00000, 0x00000000a2d00000|  0%| F|  |TAMS 0x00000000a2c00000, 0x00000000a2c00000| Untracked 
| 557|0x00000000a2d00000, 0x00000000a2d00000, 0x00000000a2e00000|  0%| F|  |TAMS 0x00000000a2d00000, 0x00000000a2d00000| Untracked 
| 558|0x00000000a2e00000, 0x00000000a2e00000, 0x00000000a2f00000|  0%| F|  |TAMS 0x00000000a2e00000, 0x00000000a2e00000| Untracked 
| 559|0x00000000a2f00000, 0x00000000a2f00000, 0x00000000a3000000|  0%| F|  |TAMS 0x00000000a2f00000, 0x00000000a2f00000| Untracked 
| 560|0x00000000a3000000, 0x00000000a3000000, 0x00000000a3100000|  0%| F|  |TAMS 0x00000000a3000000, 0x00000000a3000000| Untracked 
| 561|0x00000000a3100000, 0x00000000a3100000, 0x00000000a3200000|  0%| F|  |TAMS 0x00000000a3100000, 0x00000000a3100000| Untracked 
| 562|0x00000000a3200000, 0x00000000a3200000, 0x00000000a3300000|  0%| F|  |TAMS 0x00000000a3200000, 0x00000000a3200000| Untracked 
| 563|0x00000000a3300000, 0x00000000a3300000, 0x00000000a3400000|  0%| F|  |TAMS 0x00000000a3300000, 0x00000000a3300000| Untracked 
| 564|0x00000000a3400000, 0x00000000a3400000, 0x00000000a3500000|  0%| F|  |TAMS 0x00000000a3400000, 0x00000000a3400000| Untracked 
| 565|0x00000000a3500000, 0x00000000a3500000, 0x00000000a3600000|  0%| F|  |TAMS 0x00000000a3500000, 0x00000000a3500000| Untracked 
| 566|0x00000000a3600000, 0x00000000a3600000, 0x00000000a3700000|  0%| F|  |TAMS 0x00000000a3600000, 0x00000000a3600000| Untracked 
| 567|0x00000000a3700000, 0x00000000a3700000, 0x00000000a3800000|  0%| F|  |TAMS 0x00000000a3700000, 0x00000000a3700000| Untracked 
| 568|0x00000000a3800000, 0x00000000a3800000, 0x00000000a3900000|  0%| F|  |TAMS 0x00000000a3800000, 0x00000000a3800000| Untracked 
| 569|0x00000000a3900000, 0x00000000a3900000, 0x00000000a3a00000|  0%| F|  |TAMS 0x00000000a3900000, 0x00000000a3900000| Untracked 
| 570|0x00000000a3a00000, 0x00000000a3a00000, 0x00000000a3b00000|  0%| F|  |TAMS 0x00000000a3a00000, 0x00000000a3a00000| Untracked 
| 571|0x00000000a3b00000, 0x00000000a3b00000, 0x00000000a3c00000|  0%| F|  |TAMS 0x00000000a3b00000, 0x00000000a3b00000| Untracked 
| 572|0x00000000a3c00000, 0x00000000a3c00000, 0x00000000a3d00000|  0%| F|  |TAMS 0x00000000a3c00000, 0x00000000a3c00000| Untracked 
| 573|0x00000000a3d00000, 0x00000000a3d00000, 0x00000000a3e00000|  0%| F|  |TAMS 0x00000000a3d00000, 0x00000000a3d00000| Untracked 
| 574|0x00000000a3e00000, 0x00000000a3e00000, 0x00000000a3f00000|  0%| F|  |TAMS 0x00000000a3e00000, 0x00000000a3e00000| Untracked 
| 575|0x00000000a3f00000, 0x00000000a3f00000, 0x00000000a4000000|  0%| F|  |TAMS 0x00000000a3f00000, 0x00000000a3f00000| Untracked 
| 576|0x00000000a4000000, 0x00000000a4000000, 0x00000000a4100000|  0%| F|  |TAMS 0x00000000a4000000, 0x00000000a4000000| Untracked 
| 577|0x00000000a4100000, 0x00000000a4100000, 0x00000000a4200000|  0%| F|  |TAMS 0x00000000a4100000, 0x00000000a4100000| Untracked 
| 578|0x00000000a4200000, 0x00000000a4200000, 0x00000000a4300000|  0%| F|  |TAMS 0x00000000a4200000, 0x00000000a4200000| Untracked 
| 579|0x00000000a4300000, 0x00000000a4300000, 0x00000000a4400000|  0%| F|  |TAMS 0x00000000a4300000, 0x00000000a4300000| Untracked 
| 580|0x00000000a4400000, 0x00000000a4400000, 0x00000000a4500000|  0%| F|  |TAMS 0x00000000a4400000, 0x00000000a4400000| Untracked 
| 581|0x00000000a4500000, 0x00000000a4500000, 0x00000000a4600000|  0%| F|  |TAMS 0x00000000a4500000, 0x00000000a4500000| Untracked 
| 582|0x00000000a4600000, 0x00000000a4600000, 0x00000000a4700000|  0%| F|  |TAMS 0x00000000a4600000, 0x00000000a4600000| Untracked 
| 583|0x00000000a4700000, 0x00000000a4700000, 0x00000000a4800000|  0%| F|  |TAMS 0x00000000a4700000, 0x00000000a4700000| Untracked 
| 584|0x00000000a4800000, 0x00000000a4800000, 0x00000000a4900000|  0%| F|  |TAMS 0x00000000a4800000, 0x00000000a4800000| Untracked 
| 585|0x00000000a4900000, 0x00000000a4900000, 0x00000000a4a00000|  0%| F|  |TAMS 0x00000000a4900000, 0x00000000a4900000| Untracked 
| 586|0x00000000a4a00000, 0x00000000a4a00000, 0x00000000a4b00000|  0%| F|  |TAMS 0x00000000a4a00000, 0x00000000a4a00000| Untracked 
| 587|0x00000000a4b00000, 0x00000000a4b00000, 0x00000000a4c00000|  0%| F|  |TAMS 0x00000000a4b00000, 0x00000000a4b00000| Untracked 
| 588|0x00000000a4c00000, 0x00000000a4c00000, 0x00000000a4d00000|  0%| F|  |TAMS 0x00000000a4c00000, 0x00000000a4c00000| Untracked 
| 589|0x00000000a4d00000, 0x00000000a4d00000, 0x00000000a4e00000|  0%| F|  |TAMS 0x00000000a4d00000, 0x00000000a4d00000| Untracked 
| 590|0x00000000a4e00000, 0x00000000a4e00000, 0x00000000a4f00000|  0%| F|  |TAMS 0x00000000a4e00000, 0x00000000a4e00000| Untracked 
| 591|0x00000000a4f00000, 0x00000000a4f00000, 0x00000000a5000000|  0%| F|  |TAMS 0x00000000a4f00000, 0x00000000a4f00000| Untracked 
| 592|0x00000000a5000000, 0x00000000a5000000, 0x00000000a5100000|  0%| F|  |TAMS 0x00000000a5000000, 0x00000000a5000000| Untracked 
| 593|0x00000000a5100000, 0x00000000a5100000, 0x00000000a5200000|  0%| F|  |TAMS 0x00000000a5100000, 0x00000000a5100000| Untracked 
| 594|0x00000000a5200000, 0x00000000a5200000, 0x00000000a5300000|  0%| F|  |TAMS 0x00000000a5200000, 0x00000000a5200000| Untracked 
| 595|0x00000000a5300000, 0x00000000a5300000, 0x00000000a5400000|  0%| F|  |TAMS 0x00000000a5300000, 0x00000000a5300000| Untracked 
| 596|0x00000000a5400000, 0x00000000a5400000, 0x00000000a5500000|  0%| F|  |TAMS 0x00000000a5400000, 0x00000000a5400000| Untracked 
| 597|0x00000000a5500000, 0x00000000a5500000, 0x00000000a5600000|  0%| F|  |TAMS 0x00000000a5500000, 0x00000000a5500000| Untracked 
| 598|0x00000000a5600000, 0x00000000a5600000, 0x00000000a5700000|  0%| F|  |TAMS 0x00000000a5600000, 0x00000000a5600000| Untracked 
| 599|0x00000000a5700000, 0x00000000a5700000, 0x00000000a5800000|  0%| F|  |TAMS 0x00000000a5700000, 0x00000000a5700000| Untracked 
| 600|0x00000000a5800000, 0x00000000a5800000, 0x00000000a5900000|  0%| F|  |TAMS 0x00000000a5800000, 0x00000000a5800000| Untracked 
| 601|0x00000000a5900000, 0x00000000a5900000, 0x00000000a5a00000|  0%| F|  |TAMS 0x00000000a5900000, 0x00000000a5900000| Untracked 
| 602|0x00000000a5a00000, 0x00000000a5a00000, 0x00000000a5b00000|  0%| F|  |TAMS 0x00000000a5a00000, 0x00000000a5a00000| Untracked 
| 603|0x00000000a5b00000, 0x00000000a5b00000, 0x00000000a5c00000|  0%| F|  |TAMS 0x00000000a5b00000, 0x00000000a5b00000| Untracked 
| 604|0x00000000a5c00000, 0x00000000a5c00000, 0x00000000a5d00000|  0%| F|  |TAMS 0x00000000a5c00000, 0x00000000a5c00000| Untracked 
| 605|0x00000000a5d00000, 0x00000000a5d00000, 0x00000000a5e00000|  0%| F|  |TAMS 0x00000000a5d00000, 0x00000000a5d00000| Untracked 
| 606|0x00000000a5e00000, 0x00000000a5e00000, 0x00000000a5f00000|  0%| F|  |TAMS 0x00000000a5e00000, 0x00000000a5e00000| Untracked 
| 607|0x00000000a5f00000, 0x00000000a5f00000, 0x00000000a6000000|  0%| F|  |TAMS 0x00000000a5f00000, 0x00000000a5f00000| Untracked 
| 608|0x00000000a6000000, 0x00000000a6000000, 0x00000000a6100000|  0%| F|  |TAMS 0x00000000a6000000, 0x00000000a6000000| Untracked 
| 609|0x00000000a6100000, 0x00000000a6100000, 0x00000000a6200000|  0%| F|  |TAMS 0x00000000a6100000, 0x00000000a6100000| Untracked 
| 610|0x00000000a6200000, 0x00000000a6200000, 0x00000000a6300000|  0%| F|  |TAMS 0x00000000a6200000, 0x00000000a6200000| Untracked 
| 611|0x00000000a6300000, 0x00000000a6300000, 0x00000000a6400000|  0%| F|  |TAMS 0x00000000a6300000, 0x00000000a6300000| Untracked 
| 612|0x00000000a6400000, 0x00000000a6400000, 0x00000000a6500000|  0%| F|  |TAMS 0x00000000a6400000, 0x00000000a6400000| Untracked 
| 613|0x00000000a6500000, 0x00000000a6500000, 0x00000000a6600000|  0%| F|  |TAMS 0x00000000a6500000, 0x00000000a6500000| Untracked 
| 614|0x00000000a6600000, 0x00000000a6600000, 0x00000000a6700000|  0%| F|  |TAMS 0x00000000a6600000, 0x00000000a6600000| Untracked 
| 615|0x00000000a6700000, 0x00000000a6700000, 0x00000000a6800000|  0%| F|  |TAMS 0x00000000a6700000, 0x00000000a6700000| Untracked 
| 616|0x00000000a6800000, 0x00000000a6800000, 0x00000000a6900000|  0%| F|  |TAMS 0x00000000a6800000, 0x00000000a6800000| Untracked 
| 617|0x00000000a6900000, 0x00000000a6900000, 0x00000000a6a00000|  0%| F|  |TAMS 0x00000000a6900000, 0x00000000a6900000| Untracked 
| 618|0x00000000a6a00000, 0x00000000a6a00000, 0x00000000a6b00000|  0%| F|  |TAMS 0x00000000a6a00000, 0x00000000a6a00000| Untracked 
| 619|0x00000000a6b00000, 0x00000000a6b00000, 0x00000000a6c00000|  0%| F|  |TAMS 0x00000000a6b00000, 0x00000000a6b00000| Untracked 
| 620|0x00000000a6c00000, 0x00000000a6c00000, 0x00000000a6d00000|  0%| F|  |TAMS 0x00000000a6c00000, 0x00000000a6c00000| Untracked 
| 621|0x00000000a6d00000, 0x00000000a6d00000, 0x00000000a6e00000|  0%| F|  |TAMS 0x00000000a6d00000, 0x00000000a6d00000| Untracked 
| 622|0x00000000a6e00000, 0x00000000a6e00000, 0x00000000a6f00000|  0%| F|  |TAMS 0x00000000a6e00000, 0x00000000a6e00000| Untracked 
| 623|0x00000000a6f00000, 0x00000000a6f00000, 0x00000000a7000000|  0%| F|  |TAMS 0x00000000a6f00000, 0x00000000a6f00000| Untracked 
| 624|0x00000000a7000000, 0x00000000a7000000, 0x00000000a7100000|  0%| F|  |TAMS 0x00000000a7000000, 0x00000000a7000000| Untracked 
| 625|0x00000000a7100000, 0x00000000a7100000, 0x00000000a7200000|  0%| F|  |TAMS 0x00000000a7100000, 0x00000000a7100000| Untracked 
| 626|0x00000000a7200000, 0x00000000a7200000, 0x00000000a7300000|  0%| F|  |TAMS 0x00000000a7200000, 0x00000000a7200000| Untracked 
| 627|0x00000000a7300000, 0x00000000a7300000, 0x00000000a7400000|  0%| F|  |TAMS 0x00000000a7300000, 0x00000000a7300000| Untracked 
| 628|0x00000000a7400000, 0x00000000a7400000, 0x00000000a7500000|  0%| F|  |TAMS 0x00000000a7400000, 0x00000000a7400000| Untracked 
| 629|0x00000000a7500000, 0x00000000a7500000, 0x00000000a7600000|  0%| F|  |TAMS 0x00000000a7500000, 0x00000000a7500000| Untracked 
| 630|0x00000000a7600000, 0x00000000a7600000, 0x00000000a7700000|  0%| F|  |TAMS 0x00000000a7600000, 0x00000000a7600000| Untracked 
| 631|0x00000000a7700000, 0x00000000a7700000, 0x00000000a7800000|  0%| F|  |TAMS 0x00000000a7700000, 0x00000000a7700000| Untracked 
| 632|0x00000000a7800000, 0x00000000a7800000, 0x00000000a7900000|  0%| F|  |TAMS 0x00000000a7800000, 0x00000000a7800000| Untracked 
| 633|0x00000000a7900000, 0x00000000a7900000, 0x00000000a7a00000|  0%| F|  |TAMS 0x00000000a7900000, 0x00000000a7900000| Untracked 
| 634|0x00000000a7a00000, 0x00000000a7a00000, 0x00000000a7b00000|  0%| F|  |TAMS 0x00000000a7a00000, 0x00000000a7a00000| Untracked 
| 635|0x00000000a7b00000, 0x00000000a7b00000, 0x00000000a7c00000|  0%| F|  |TAMS 0x00000000a7b00000, 0x00000000a7b00000| Untracked 
| 636|0x00000000a7c00000, 0x00000000a7c00000, 0x00000000a7d00000|  0%| F|  |TAMS 0x00000000a7c00000, 0x00000000a7c00000| Untracked 
| 637|0x00000000a7d00000, 0x00000000a7d00000, 0x00000000a7e00000|  0%| F|  |TAMS 0x00000000a7d00000, 0x00000000a7d00000| Untracked 
| 638|0x00000000a7e00000, 0x00000000a7e00000, 0x00000000a7f00000|  0%| F|  |TAMS 0x00000000a7e00000, 0x00000000a7e00000| Untracked 
| 639|0x00000000a7f00000, 0x00000000a7f00000, 0x00000000a8000000|  0%| F|  |TAMS 0x00000000a7f00000, 0x00000000a7f00000| Untracked 
| 640|0x00000000a8000000, 0x00000000a8000000, 0x00000000a8100000|  0%| F|  |TAMS 0x00000000a8000000, 0x00000000a8000000| Untracked 
| 641|0x00000000a8100000, 0x00000000a8100000, 0x00000000a8200000|  0%| F|  |TAMS 0x00000000a8100000, 0x00000000a8100000| Untracked 
| 642|0x00000000a8200000, 0x00000000a8200000, 0x00000000a8300000|  0%| F|  |TAMS 0x00000000a8200000, 0x00000000a8200000| Untracked 
| 643|0x00000000a8300000, 0x00000000a8300000, 0x00000000a8400000|  0%| F|  |TAMS 0x00000000a8300000, 0x00000000a8300000| Untracked 
| 644|0x00000000a8400000, 0x00000000a8400000, 0x00000000a8500000|  0%| F|  |TAMS 0x00000000a8400000, 0x00000000a8400000| Untracked 
| 645|0x00000000a8500000, 0x00000000a8500000, 0x00000000a8600000|  0%| F|  |TAMS 0x00000000a8500000, 0x00000000a8500000| Untracked 
| 646|0x00000000a8600000, 0x00000000a8600000, 0x00000000a8700000|  0%| F|  |TAMS 0x00000000a8600000, 0x00000000a8600000| Untracked 
| 647|0x00000000a8700000, 0x00000000a8700000, 0x00000000a8800000|  0%| F|  |TAMS 0x00000000a8700000, 0x00000000a8700000| Untracked 
| 648|0x00000000a8800000, 0x00000000a8800000, 0x00000000a8900000|  0%| F|  |TAMS 0x00000000a8800000, 0x00000000a8800000| Untracked 
| 649|0x00000000a8900000, 0x00000000a8900000, 0x00000000a8a00000|  0%| F|  |TAMS 0x00000000a8900000, 0x00000000a8900000| Untracked 
| 650|0x00000000a8a00000, 0x00000000a8a00000, 0x00000000a8b00000|  0%| F|  |TAMS 0x00000000a8a00000, 0x00000000a8a00000| Untracked 
| 651|0x00000000a8b00000, 0x00000000a8b00000, 0x00000000a8c00000|  0%| F|  |TAMS 0x00000000a8b00000, 0x00000000a8b00000| Untracked 
| 652|0x00000000a8c00000, 0x00000000a8c00000, 0x00000000a8d00000|  0%| F|  |TAMS 0x00000000a8c00000, 0x00000000a8c00000| Untracked 
| 653|0x00000000a8d00000, 0x00000000a8d00000, 0x00000000a8e00000|  0%| F|  |TAMS 0x00000000a8d00000, 0x00000000a8d00000| Untracked 
| 654|0x00000000a8e00000, 0x00000000a8e00000, 0x00000000a8f00000|  0%| F|  |TAMS 0x00000000a8e00000, 0x00000000a8e00000| Untracked 
| 655|0x00000000a8f00000, 0x00000000a8f00000, 0x00000000a9000000|  0%| F|  |TAMS 0x00000000a8f00000, 0x00000000a8f00000| Untracked 
| 656|0x00000000a9000000, 0x00000000a9000000, 0x00000000a9100000|  0%| F|  |TAMS 0x00000000a9000000, 0x00000000a9000000| Untracked 
| 657|0x00000000a9100000, 0x00000000a9100000, 0x00000000a9200000|  0%| F|  |TAMS 0x00000000a9100000, 0x00000000a9100000| Untracked 
| 658|0x00000000a9200000, 0x00000000a9200000, 0x00000000a9300000|  0%| F|  |TAMS 0x00000000a9200000, 0x00000000a9200000| Untracked 
| 659|0x00000000a9300000, 0x00000000a9300000, 0x00000000a9400000|  0%| F|  |TAMS 0x00000000a9300000, 0x00000000a9300000| Untracked 
| 660|0x00000000a9400000, 0x00000000a9400000, 0x00000000a9500000|  0%| F|  |TAMS 0x00000000a9400000, 0x00000000a9400000| Untracked 
| 661|0x00000000a9500000, 0x00000000a9500000, 0x00000000a9600000|  0%| F|  |TAMS 0x00000000a9500000, 0x00000000a9500000| Untracked 
| 662|0x00000000a9600000, 0x00000000a9600000, 0x00000000a9700000|  0%| F|  |TAMS 0x00000000a9600000, 0x00000000a9600000| Untracked 
| 663|0x00000000a9700000, 0x00000000a9700000, 0x00000000a9800000|  0%| F|  |TAMS 0x00000000a9700000, 0x00000000a9700000| Untracked 
| 664|0x00000000a9800000, 0x00000000a9800000, 0x00000000a9900000|  0%| F|  |TAMS 0x00000000a9800000, 0x00000000a9800000| Untracked 
| 665|0x00000000a9900000, 0x00000000a9900000, 0x00000000a9a00000|  0%| F|  |TAMS 0x00000000a9900000, 0x00000000a9900000| Untracked 
| 666|0x00000000a9a00000, 0x00000000a9a00000, 0x00000000a9b00000|  0%| F|  |TAMS 0x00000000a9a00000, 0x00000000a9a00000| Untracked 
| 667|0x00000000a9b00000, 0x00000000a9b00000, 0x00000000a9c00000|  0%| F|  |TAMS 0x00000000a9b00000, 0x00000000a9b00000| Untracked 
| 668|0x00000000a9c00000, 0x00000000a9c00000, 0x00000000a9d00000|  0%| F|  |TAMS 0x00000000a9c00000, 0x00000000a9c00000| Untracked 
| 669|0x00000000a9d00000, 0x00000000a9d00000, 0x00000000a9e00000|  0%| F|  |TAMS 0x00000000a9d00000, 0x00000000a9d00000| Untracked 
| 670|0x00000000a9e00000, 0x00000000a9e00000, 0x00000000a9f00000|  0%| F|  |TAMS 0x00000000a9e00000, 0x00000000a9e00000| Untracked 
| 671|0x00000000a9f00000, 0x00000000a9f00000, 0x00000000aa000000|  0%| F|  |TAMS 0x00000000a9f00000, 0x00000000a9f00000| Untracked 
| 672|0x00000000aa000000, 0x00000000aa000000, 0x00000000aa100000|  0%| F|  |TAMS 0x00000000aa000000, 0x00000000aa000000| Untracked 
| 673|0x00000000aa100000, 0x00000000aa100000, 0x00000000aa200000|  0%| F|  |TAMS 0x00000000aa100000, 0x00000000aa100000| Untracked 
| 674|0x00000000aa200000, 0x00000000aa200000, 0x00000000aa300000|  0%| F|  |TAMS 0x00000000aa200000, 0x00000000aa200000| Untracked 
| 675|0x00000000aa300000, 0x00000000aa300000, 0x00000000aa400000|  0%| F|  |TAMS 0x00000000aa300000, 0x00000000aa300000| Untracked 
| 676|0x00000000aa400000, 0x00000000aa400000, 0x00000000aa500000|  0%| F|  |TAMS 0x00000000aa400000, 0x00000000aa400000| Untracked 
| 677|0x00000000aa500000, 0x00000000aa500000, 0x00000000aa600000|  0%| F|  |TAMS 0x00000000aa500000, 0x00000000aa500000| Untracked 
| 678|0x00000000aa600000, 0x00000000aa600000, 0x00000000aa700000|  0%| F|  |TAMS 0x00000000aa600000, 0x00000000aa600000| Untracked 
| 679|0x00000000aa700000, 0x00000000aa700000, 0x00000000aa800000|  0%| F|  |TAMS 0x00000000aa700000, 0x00000000aa700000| Untracked 
| 680|0x00000000aa800000, 0x00000000aa800000, 0x00000000aa900000|  0%| F|  |TAMS 0x00000000aa800000, 0x00000000aa800000| Untracked 
| 681|0x00000000aa900000, 0x00000000aa900000, 0x00000000aaa00000|  0%| F|  |TAMS 0x00000000aa900000, 0x00000000aa900000| Untracked 
| 682|0x00000000aaa00000, 0x00000000aaa00000, 0x00000000aab00000|  0%| F|  |TAMS 0x00000000aaa00000, 0x00000000aaa00000| Untracked 
| 683|0x00000000aab00000, 0x00000000aab00000, 0x00000000aac00000|  0%| F|  |TAMS 0x00000000aab00000, 0x00000000aab00000| Untracked 
| 684|0x00000000aac00000, 0x00000000aac00000, 0x00000000aad00000|  0%| F|  |TAMS 0x00000000aac00000, 0x00000000aac00000| Untracked 
| 685|0x00000000aad00000, 0x00000000aad00000, 0x00000000aae00000|  0%| F|  |TAMS 0x00000000aad00000, 0x00000000aad00000| Untracked 
| 686|0x00000000aae00000, 0x00000000aae00000, 0x00000000aaf00000|  0%| F|  |TAMS 0x00000000aae00000, 0x00000000aae00000| Untracked 
| 687|0x00000000aaf00000, 0x00000000aaf00000, 0x00000000ab000000|  0%| F|  |TAMS 0x00000000aaf00000, 0x00000000aaf00000| Untracked 
| 688|0x00000000ab000000, 0x00000000ab000000, 0x00000000ab100000|  0%| F|  |TAMS 0x00000000ab000000, 0x00000000ab000000| Untracked 
|2041|0x00000000ff900000, 0x00000000ffa00000, 0x00000000ffa00000|100%| O|  |TAMS 0x00000000ffa00000, 0x00000000ff900000| Untracked 
|2042|0x00000000ffa00000, 0x00000000ffa00000, 0x00000000ffb00000|  0%| F|  |TAMS 0x00000000ffa00000, 0x00000000ffa00000| Untracked 
|2043|0x00000000ffb00000, 0x00000000ffb00000, 0x00000000ffc00000|  0%| F|  |TAMS 0x00000000ffb00000, 0x00000000ffb00000| Untracked 
|2044|0x00000000ffc00000, 0x00000000ffc00000, 0x00000000ffd00000|  0%| F|  |TAMS 0x00000000ffc00000, 0x00000000ffc00000| Untracked 
|2045|0x00000000ffd00000, 0x00000000ffe00000, 0x00000000ffe00000|100%| O|  |TAMS 0x00000000ffe00000, 0x00000000ffd00000| Untracked 
|2046|0x00000000ffe00000, 0x00000000fff00000, 0x00000000fff00000|100%| O|  |TAMS 0x00000000fff00000, 0x00000000ffe00000| Untracked 
|2047|0x00000000fff00000, 0x0000000100000000, 0x0000000100000000|100%| O|  |TAMS 0x0000000100000000, 0x00000000fff00000| Untracked 

Card table byte_map: [0x0000024b20480000,0x0000024b20880000] _byte_map_base: 0x0000024b20080000

Marking Bits (Prev, Next): (CMBitMap*) 0x0000024b0922d5f0, (CMBitMap*) 0x0000024b0922d5b0
 Prev Bits: [0x0000024b22c80000, 0x0000024b24c80000)
 Next Bits: [0x0000024b20c80000, 0x0000024b22c80000)

Polling page: 0x0000024b06ee0000

Metaspace:

Usage:
  Non-class:    171.41 MB used.
      Class:     25.48 MB used.
       Both:    196.89 MB used.

Virtual space:
  Non-class space:      192.00 MB reserved,     172.00 MB ( 90%) committed,  3 nodes.
      Class space:        1.00 GB reserved,      26.00 MB (  3%) committed,  1 nodes.
             Both:        1.19 GB reserved,     198.00 MB ( 16%) committed. 

Chunk freelists:
   Non-Class:  3.22 MB
       Class:  6.04 MB
        Both:  9.26 MB

MaxMetaspaceSize: unlimited
CompressedClassSpaceSize: 1.00 GB
Initial GC threshold: 21.00 MB
Current GC threshold: 265.62 MB
CDS: on
MetaspaceReclaimPolicy: balanced
 - commit_granule_bytes: 65536.
 - commit_granule_words: 8192.
 - virtual_space_node_default_size: 8388608.
 - enlarge_chunks_in_place: 1.
 - new_chunks_are_fully_committed: 0.
 - uncommit_free_chunks: 1.
 - use_allocation_guard: 0.
 - handle_deallocations: 1.


Internal statistics:

num_allocs_failed_limit: 12.
num_arena_births: 1782.
num_arena_deaths: 0.
num_vsnodes_births: 4.
num_vsnodes_deaths: 0.
num_space_committed: 3164.
num_space_uncommitted: 0.
num_chunks_returned_to_freelist: 12.
num_chunks_taken_from_freelist: 9695.
num_chunk_merges: 12.
num_chunk_splits: 7094.
num_chunks_enlarged: 5474.
num_inconsistent_stats: 0.

CodeHeap 'non-profiled nmethods': size=120000Kb used=18390Kb max_used=18390Kb free=101609Kb
 bounds [0x0000024b18820000, 0x0000024b19a50000, 0x0000024b1fd50000]
CodeHeap 'profiled nmethods': size=120000Kb used=60992Kb max_used=61738Kb free=59007Kb
 bounds [0x0000024b10d50000, 0x0000024b149a0000, 0x0000024b18280000]
CodeHeap 'non-nmethods': size=5760Kb used=1998Kb max_used=2095Kb free=3762Kb
 bounds [0x0000024b18280000, 0x0000024b184f0000, 0x0000024b18820000]
 total_blobs=27870 nmethods=26768 adapters=1007
 compilation: enabled
              stopped_count=0, restarted_count=0
 full_count=0

Compilation events (20 events):
Event: 67.845 Thread 0x0000024b27785fa0 33714       2       com.android.tools.r8.graph.R4::a (21 bytes)
Event: 67.845 Thread 0x0000024b27785fa0 nmethod 33714 0x0000024b1431e410 code [0x0000024b1431e5c0, 0x0000024b1431e728]
Event: 67.845 Thread 0x0000024b27785fa0 33715       2       com.android.tools.r8.internal.N9::k (2 bytes)
Event: 67.846 Thread 0x0000024b27785fa0 nmethod 33715 0x0000024b1456da90 code [0x0000024b1456dc20, 0x0000024b1456dd38]
Event: 67.846 Thread 0x0000024b27785fa0 33717       2       com.android.tools.r8.internal.Lz::<init> (15 bytes)
Event: 67.846 Thread 0x0000024b27785fa0 nmethod 33717 0x0000024b143d2490 code [0x0000024b143d2620, 0x0000024b143d27d8]
Event: 67.853 Thread 0x0000024b27785fa0 33720       3       com.android.tools.r8.internal.z9::a (271 bytes)
Event: 67.855 Thread 0x0000024b27785fa0 nmethod 33720 0x0000024b1454aa10 code [0x0000024b1454ae20, 0x0000024b1454c8e8]
Event: 67.863 Thread 0x0000024b735897c0 nmethod 33592 0x0000024b1989b590 code [0x0000024b1989b7a0, 0x0000024b1989c738]
Event: 67.863 Thread 0x0000024b735897c0 33652       4       java.util.ArrayDeque::contains (80 bytes)
Event: 67.876 Thread 0x0000024b735897c0 nmethod 33652 0x0000024b189b4690 code [0x0000024b189b4840, 0x0000024b189b4ed8]
Event: 67.876 Thread 0x0000024b735897c0 33702       4       com.android.tools.r8.internal.tA::a (595 bytes)
Event: 67.877 Thread 0x0000024b27785fa0 33722       3       com.android.tools.r8.internal.up0::O2 (168 bytes)
Event: 67.878 Thread 0x0000024b27785fa0 nmethod 33722 0x0000024b144a1f10 code [0x0000024b144a21e0, 0x0000024b144a32c8]
Event: 67.894 Thread 0x0000024b27785fa0 33723       3       com.android.tools.r8.internal.s2::a (35 bytes)
Event: 67.894 Thread 0x0000024b27785fa0 nmethod 33723 0x0000024b145b1090 code [0x0000024b145b1280, 0x0000024b145b1918]
Event: 67.904 Thread 0x0000024b27785fa0 33725       3       com.android.tools.r8.internal.H50::a (30 bytes)
Event: 67.905 Thread 0x0000024b27785fa0 nmethod 33725 0x0000024b1449fa90 code [0x0000024b1449fc80, 0x0000024b144a0338]
Event: 67.911 Thread 0x0000024b27785fa0 33726       3       com.android.tools.r8.internal.yz::b (47 bytes)
Event: 67.912 Thread 0x0000024b27785fa0 nmethod 33726 0x0000024b127a0190 code [0x0000024b127a0360, 0x0000024b127a0808]

GC Heap History (20 events):
Event: 64.805 GC heap after
{Heap after GC invocations=92 (full 0):
 garbage-first heap   total 524288K, used 309505K [0x0000000080000000, 0x0000000100000000)
  region size 1024K, 10 young (10240K), 10 survivors (10240K)
 Metaspace       used 201375K, committed 202560K, reserved 1245184K
  class space    used 26080K, committed 26624K, reserved 1048576K
}
Event: 65.129 GC heap before
{Heap before GC invocations=92 (full 0):
 garbage-first heap   total 524288K, used 453889K [0x0000000080000000, 0x0000000100000000)
  region size 1024K, 151 young (154624K), 10 survivors (10240K)
 Metaspace       used 201430K, committed 202560K, reserved 1245184K
  class space    used 26080K, committed 26624K, reserved 1048576K
}
Event: 65.139 GC heap after
{Heap after GC invocations=93 (full 0):
 garbage-first heap   total 524288K, used 313059K [0x0000000080000000, 0x0000000100000000)
  region size 1024K, 14 young (14336K), 14 survivors (14336K)
 Metaspace       used 201430K, committed 202560K, reserved 1245184K
  class space    used 26080K, committed 26624K, reserved 1048576K
}
Event: 65.390 GC heap before
{Heap before GC invocations=93 (full 0):
 garbage-first heap   total 524288K, used 452323K [0x0000000080000000, 0x0000000100000000)
  region size 1024K, 151 young (154624K), 14 survivors (14336K)
 Metaspace       used 201440K, committed 202560K, reserved 1245184K
  class space    used 26080K, committed 26624K, reserved 1048576K
}
Event: 65.404 GC heap after
{Heap after GC invocations=94 (full 0):
 garbage-first heap   total 524288K, used 324890K [0x0000000080000000, 0x0000000100000000)
  region size 1024K, 19 young (19456K), 19 survivors (19456K)
 Metaspace       used 201440K, committed 202560K, reserved 1245184K
  class space    used 26080K, committed 26624K, reserved 1048576K
}
Event: 65.632 GC heap before
{Heap before GC invocations=94 (full 0):
 garbage-first heap   total 524288K, used 448794K [0x0000000080000000, 0x0000000100000000)
  region size 1024K, 140 young (143360K), 19 survivors (19456K)
 Metaspace       used 201453K, committed 202624K, reserved 1245184K
  class space    used 26082K, committed 26624K, reserved 1048576K
}
Event: 65.650 GC heap after
{Heap after GC invocations=95 (full 0):
 garbage-first heap   total 524288K, used 335240K [0x0000000080000000, 0x0000000100000000)
  region size 1024K, 11 young (11264K), 11 survivors (11264K)
 Metaspace       used 201453K, committed 202624K, reserved 1245184K
  class space    used 26082K, committed 26624K, reserved 1048576K
}
Event: 65.878 GC heap before
{Heap before GC invocations=95 (full 0):
 garbage-first heap   total 524288K, used 448904K [0x0000000080000000, 0x0000000100000000)
  region size 1024K, 122 young (124928K), 11 survivors (11264K)
 Metaspace       used 201510K, committed 202624K, reserved 1245184K
  class space    used 26087K, committed 26624K, reserved 1048576K
}
Event: 65.899 GC heap after
{Heap after GC invocations=96 (full 0):
 garbage-first heap   total 524288K, used 346664K [0x0000000080000000, 0x0000000100000000)
  region size 1024K, 13 young (13312K), 13 survivors (13312K)
 Metaspace       used 201510K, committed 202624K, reserved 1245184K
  class space    used 26087K, committed 26624K, reserved 1048576K
}
Event: 66.101 GC heap before
{Heap before GC invocations=96 (full 0):
 garbage-first heap   total 524288K, used 448040K [0x0000000080000000, 0x0000000100000000)
  region size 1024K, 111 young (113664K), 13 survivors (13312K)
 Metaspace       used 201543K, committed 202688K, reserved 1245184K
  class space    used 26087K, committed 26624K, reserved 1048576K
}
Event: 66.130 GC heap after
{Heap after GC invocations=97 (full 0):
 garbage-first heap   total 524288K, used 360119K [0x0000000080000000, 0x0000000100000000)
  region size 1024K, 14 young (14336K), 14 survivors (14336K)
 Metaspace       used 201543K, committed 202688K, reserved 1245184K
  class space    used 26087K, committed 26624K, reserved 1048576K
}
Event: 66.304 GC heap before
{Heap before GC invocations=97 (full 0):
 garbage-first heap   total 524288K, used 446135K [0x0000000080000000, 0x0000000100000000)
  region size 1024K, 98 young (100352K), 14 survivors (14336K)
 Metaspace       used 201553K, committed 202688K, reserved 1245184K
  class space    used 26089K, committed 26624K, reserved 1048576K
}
Event: 66.423 GC heap after
{Heap after GC invocations=98 (full 0):
 garbage-first heap   total 712704K, used 374224K [0x0000000080000000, 0x0000000100000000)
  region size 1024K, 13 young (13312K), 13 survivors (13312K)
 Metaspace       used 201553K, committed 202688K, reserved 1245184K
  class space    used 26089K, committed 26624K, reserved 1048576K
}
Event: 66.864 GC heap before
{Heap before GC invocations=98 (full 0):
 garbage-first heap   total 712704K, used 575952K [0x0000000080000000, 0x0000000100000000)
  region size 1024K, 211 young (216064K), 13 survivors (13312K)
 Metaspace       used 201574K, committed 202688K, reserved 1245184K
  class space    used 26089K, committed 26624K, reserved 1048576K
}
Event: 66.894 GC heap after
{Heap after GC invocations=99 (full 0):
 garbage-first heap   total 712704K, used 401026K [0x0000000080000000, 0x0000000100000000)
  region size 1024K, 27 young (27648K), 27 survivors (27648K)
 Metaspace       used 201574K, committed 202688K, reserved 1245184K
  class space    used 26089K, committed 26624K, reserved 1048576K
}
Event: 67.184 GC heap before
{Heap before GC invocations=99 (full 0):
 garbage-first heap   total 712704K, used 575106K [0x0000000080000000, 0x0000000100000000)
  region size 1024K, 197 young (201728K), 27 survivors (27648K)
 Metaspace       used 201581K, committed 202688K, reserved 1245184K
  class space    used 26089K, committed 26624K, reserved 1048576K
}
Event: 67.223 GC heap after
{Heap after GC invocations=100 (full 0):
 garbage-first heap   total 712704K, used 413717K [0x0000000080000000, 0x0000000100000000)
  region size 1024K, 12 young (12288K), 12 survivors (12288K)
 Metaspace       used 201581K, committed 202688K, reserved 1245184K
  class space    used 26089K, committed 26624K, reserved 1048576K
}
Event: 67.542 GC heap before
{Heap before GC invocations=100 (full 0):
 garbage-first heap   total 712704K, used 585749K [0x0000000080000000, 0x0000000100000000)
  region size 1024K, 180 young (184320K), 12 survivors (12288K)
 Metaspace       used 201602K, committed 202752K, reserved 1245184K
  class space    used 26089K, committed 26624K, reserved 1048576K
}
Event: 67.562 GC heap after
{Heap after GC invocations=101 (full 0):
 garbage-first heap   total 712704K, used 418651K [0x0000000080000000, 0x0000000100000000)
  region size 1024K, 17 young (17408K), 17 survivors (17408K)
 Metaspace       used 201602K, committed 202752K, reserved 1245184K
  class space    used 26089K, committed 26624K, reserved 1048576K
}
Event: 67.935 GC heap before
{Heap before GC invocations=101 (full 0):
 garbage-first heap   total 712704K, used 592731K [0x0000000080000000, 0x0000000100000000)
  region size 1024K, 187 young (191488K), 17 survivors (17408K)
 Metaspace       used 201615K, committed 202752K, reserved 1245184K
  class space    used 26089K, committed 26624K, reserved 1048576K
}

Dll operation events (15 events):
Event: 0.006 Loaded shared library C:\Program Files\Eclipse Adoptium\jdk-17.0.20.8-hotspot\bin\java.dll
Event: 0.019 Loaded shared library C:\Program Files\Eclipse Adoptium\jdk-17.0.20.8-hotspot\bin\jsvml.dll
Event: 0.047 Loaded shared library C:\Program Files\Eclipse Adoptium\jdk-17.0.20.8-hotspot\bin\zip.dll
Event: 0.048 Loaded shared library C:\Program Files\Eclipse Adoptium\jdk-17.0.20.8-hotspot\bin\instrument.dll
Event: 0.051 Loaded shared library C:\Program Files\Eclipse Adoptium\jdk-17.0.20.8-hotspot\bin\net.dll
Event: 0.053 Loaded shared library C:\Program Files\Eclipse Adoptium\jdk-17.0.20.8-hotspot\bin\nio.dll
Event: 0.054 Loaded shared library C:\Program Files\Eclipse Adoptium\jdk-17.0.20.8-hotspot\bin\zip.dll
Event: 0.183 Loaded shared library C:\Program Files\Eclipse Adoptium\jdk-17.0.20.8-hotspot\bin\jimage.dll
Event: 0.278 Loaded shared library C:\Program Files\Eclipse Adoptium\jdk-17.0.20.8-hotspot\bin\verify.dll
Event: 0.338 Loaded shared library C:\Users\abcd\.gradle\native\1def1411415f61bf3af743bc5b6707747c0891f09f0c88961ee8f79bc544acac\windows-amd64\native-platform.dll
Event: 0.346 Loaded shared library C:\Users\abcd\.gradle\native\0.2.7\x86_64-windows-gnu\gradle-fileevents.dll
Event: 0.852 Loaded shared library C:\Program Files\Eclipse Adoptium\jdk-17.0.20.8-hotspot\bin\management.dll
Event: 0.854 Loaded shared library C:\Program Files\Eclipse Adoptium\jdk-17.0.20.8-hotspot\bin\management_ext.dll
Event: 1.002 Loaded shared library C:\Program Files\Eclipse Adoptium\jdk-17.0.20.8-hotspot\bin\extnet.dll
Event: 1.184 Loaded shared library C:\Program Files\Eclipse Adoptium\jdk-17.0.20.8-hotspot\bin\sunmscapi.dll

Deoptimization events (20 events):
Event: 67.630 Thread 0x0000024b70638ab0 DEOPT PACKING pc=0x0000024b14604ede sp=0x000000a3076fa300
Event: 67.630 Thread 0x0000024b70638ab0 DEOPT UNPACKING pc=0x0000024b182dace3 sp=0x000000a3076f9990 mode 0
Event: 67.766 Thread 0x0000024b7063a910 DEOPT PACKING pc=0x0000024b14604ede sp=0x000000a3077fa120
Event: 67.766 Thread 0x0000024b7063a910 DEOPT UNPACKING pc=0x0000024b182dace3 sp=0x000000a3077f97b0 mode 0
Event: 67.840 Thread 0x0000024b70638ab0 DEOPT PACKING pc=0x0000024b1407153a sp=0x000000a3076f99b0
Event: 67.840 Thread 0x0000024b70638ab0 DEOPT UNPACKING pc=0x0000024b182dace3 sp=0x000000a3076f90e0 mode 0
Event: 67.842 Thread 0x0000024b7063a910 DEOPT PACKING pc=0x0000024b140721be sp=0x000000a3077f97d0
Event: 67.847 Thread 0x0000024b7063a910 DEOPT UNPACKING pc=0x0000024b182dace3 sp=0x000000a3077f8ef8 mode 0
Event: 67.853 Thread 0x0000024b70634df0 DEOPT PACKING pc=0x0000024b140721be sp=0x000000a3072f95d0
Event: 67.853 Thread 0x0000024b70634df0 DEOPT UNPACKING pc=0x0000024b182dace3 sp=0x000000a3072f8cf8 mode 0
Event: 67.868 Thread 0x0000024b7063ae20 DEOPT PACKING pc=0x0000024b140721be sp=0x000000a3074f98f0
Event: 67.868 Thread 0x0000024b7063ae20 DEOPT UNPACKING pc=0x0000024b182dace3 sp=0x000000a3074f9018 mode 0
Event: 67.879 Thread 0x0000024b706385a0 DEOPT PACKING pc=0x0000024b14604ede sp=0x000000a3071f9f10
Event: 67.879 Thread 0x0000024b706385a0 DEOPT UNPACKING pc=0x0000024b182dace3 sp=0x000000a3071f95a0 mode 0
Event: 67.883 Thread 0x0000024b7063ae20 DEOPT PACKING pc=0x0000024b140721be sp=0x000000a3074f98f0
Event: 67.883 Thread 0x0000024b7063ae20 DEOPT UNPACKING pc=0x0000024b182dace3 sp=0x000000a3074f9018 mode 0
Event: 67.909 Thread 0x0000024b7063a910 DEOPT PACKING pc=0x0000024b140721be sp=0x000000a3077f97d0
Event: 67.909 Thread 0x0000024b7063a910 DEOPT UNPACKING pc=0x0000024b182dace3 sp=0x000000a3077f8ef8 mode 0
Event: 67.924 Thread 0x0000024b74ab8670 DEOPT PACKING pc=0x0000024b140721be sp=0x000000a302ff6f50
Event: 67.924 Thread 0x0000024b74ab8670 DEOPT UNPACKING pc=0x0000024b182dace3 sp=0x000000a302ff6678 mode 0

Classes loaded (20 events):
Event: 60.920 Loading class java/util/IdentityHashMap$IdentityHashMapSpliterator done
Event: 60.920 Loading class java/util/IdentityHashMap$EntrySpliterator done
Event: 60.967 Loading class java/util/SortedSet$1
Event: 60.967 Loading class java/util/SortedSet$1 done
Event: 60.980 Loading class java/util/stream/SliceOps
Event: 60.980 Loading class java/util/stream/SliceOps done
Event: 60.981 Loading class java/util/stream/SliceOps$1
Event: 60.981 Loading class java/util/stream/SliceOps$1 done
Event: 60.982 Loading class java/util/stream/SliceOps$1$1
Event: 60.982 Loading class java/util/stream/SliceOps$1$1 done
Event: 61.012 Loading class java/util/PriorityQueue
Event: 61.013 Loading class java/util/PriorityQueue done
Event: 61.033 Loading class java/util/IdentityHashMap$ValueIterator
Event: 61.033 Loading class java/util/IdentityHashMap$ValueIterator done
Event: 63.736 Loading class java/nio/ShortBuffer
Event: 63.736 Loading class java/nio/ShortBuffer done
Event: 63.849 Loading class java/nio/ByteBufferAsShortBufferL
Event: 63.849 Loading class java/nio/ByteBufferAsShortBufferL done
Event: 63.902 Loading class java/util/zip/Adler32
Event: 63.902 Loading class java/util/zip/Adler32 done

Classes unloaded (0 events):
No events

Classes redefined (0 events):
No events

Internal exceptions (20 events):
Event: 61.068 Thread 0x0000024b7063ae20 Exception <a 'java/lang/NoSuchMethodError'{0x000000009dbac408}: 'int java.lang.invoke.DirectMethodHandle$Holder.invokeSpecial(java.lang.Object, java.lang.Object, java.lang.Object, int, java.lang.Object)'> (0x000000009dbac408) 
thrown [s\src\hotspot\share\interpreter\linkResolver.cpp, line 759]
Event: 61.068 Thread 0x0000024b7063a910 Exception <a 'java/lang/NoSuchMethodError'{0x000000009dbe6c30}: 'int java.lang.invoke.DirectMethodHandle$Holder.invokeSpecial(java.lang.Object, java.lang.Object, java.lang.Object, int, java.lang.Object)'> (0x000000009dbe6c30) 
thrown [s\src\hotspot\share\interpreter\linkResolver.cpp, line 759]
Event: 61.168 Thread 0x0000024b706394d0 Exception <a 'java/lang/NoSuchMethodError'{0x000000009d4e3680}: 'int java.lang.invoke.DirectMethodHandle$Holder.invokeSpecial(java.lang.Object, java.lang.Object, java.lang.Object, java.lang.Object, java.lang.Object, java.lang.Object)'> (0x000000009d4e3680) 
thrown [s\src\hotspot\share\interpreter\linkResolver.cpp, line 759]
Event: 61.265 Thread 0x0000024b70634df0 Exception <a 'java/lang/NoSuchMethodError'{0x000000009c8ab540}: 'java.lang.Object java.lang.invoke.DirectMethodHandle$Holder.invokeInterface(java.lang.Object, java.lang.Object, int)'> (0x000000009c8ab540) 
thrown [s\src\hotspot\share\interpreter\linkResolver.cpp, line 759]
Event: 61.866 Thread 0x0000024b706385a0 Exception <a 'java/lang/IncompatibleClassChangeError'{0x000000009f285a68}: Found class java.lang.Object, but interface was expected> (0x000000009f285a68) 
thrown [s\src\hotspot\share\interpreter\linkResolver.cpp, line 826]
Event: 62.142 Thread 0x0000024b70634df0 Exception <a 'java/lang/NoSuchMethodError'{0x000000009ad9f5d0}: 'int java.lang.invoke.DirectMethodHandle$Holder.invokeInterface(java.lang.Object, java.lang.Object, int)'> (0x000000009ad9f5d0) 
thrown [s\src\hotspot\share\interpreter\linkResolver.cpp, line 759]
Event: 62.988 Thread 0x0000024b74ab8670 Exception <a 'java/lang/NoSuchMethodError'{0x000000009b934188}: 'java.lang.Object java.lang.invoke.DirectMethodHandle$Holder.newInvokeSpecial(java.lang.Object, java.lang.Object, int, java.lang.Object, java.lang.Object, java.lang.Object)'> (0x000000009b934188) 
thrown [s\src\hotspot\share\interpreter\linkResolver.cpp, line 759]
Event: 62.989 Thread 0x0000024b74ab8670 Exception <a 'java/lang/NoSuchMethodError'{0x000000009b93c948}: 'java.lang.Object java.lang.invoke.Invokers$Holder.linkToTargetMethod(java.lang.Object, int, java.lang.Object, java.lang.Object, java.lang.Object, java.lang.Object)'> (0x000000009b93c948) 
thrown [s\src\hotspot\share\interpreter\linkResolver.cpp, line 759]
Event: 62.990 Thread 0x0000024b74ab8670 Exception <a 'java/lang/NoSuchMethodError'{0x000000009b9418e0}: 'void java.lang.invoke.DirectMethodHandle$Holder.invokeSpecial(java.lang.Object, java.lang.Object, java.lang.Object, int, java.lang.Object, java.lang.Object, java.lang.Object, java.lang.Object)'> (0x000000009b9418e0) 
thrown [s\src\hotspot\share\interpreter\linkResolver.cpp, line 759]
Event: 63.001 Thread 0x0000024b74ab8670 Exception <a 'java/lang/NoSuchMethodError'{0x000000009b0691a0}: 'void java.lang.invoke.DirectMethodHandle$Holder.invokeStatic(java.lang.Object, java.lang.Object, java.lang.Object, java.lang.Object, java.lang.Object, java.lang.Object, java.lang.Object, java.lang.Object)'> (0x000000009b0691a0) 
thrown [s\src\hotspot\share\interpreter\linkResolver.cpp, line 759]
Event: 63.528 Thread 0x0000024b70638fc0 Exception <a 'java/lang/IncompatibleClassChangeError'{0x000000009e92b798}: Found class java.lang.Object, but interface was expected> (0x000000009e92b798) 
thrown [s\src\hotspot\share\interpreter\linkResolver.cpp, line 826]
Event: 63.861 Thread 0x0000024b74ab8670 Exception <a 'java/lang/NoSuchMethodError'{0x0000000098079770}: 'void java.lang.invoke.DirectMethodHandle$Holder.invokeSpecial(java.lang.Object, java.lang.Object, int)'> (0x0000000098079770) 
thrown [s\src\hotspot\share\interpreter\linkResolver.cpp, line 759]
Event: 63.946 Thread 0x0000024b74ab8670 Exception <a 'sun/nio/fs/WindowsException'{0x00000000ffc20f38}> (0x00000000ffc20f38) 
thrown [s\src\hotspot\share\prims\jni.cpp, line 516]
Event: 63.974 Thread 0x0000024b70638fc0 Exception <a 'sun/nio/fs/WindowsException'{0x00000000ffbd7c50}> (0x00000000ffbd7c50) 
thrown [s\src\hotspot\share\prims\jni.cpp, line 516]
Event: 64.148 Thread 0x0000024b70638ab0 Implicit null exception at 0x0000024b1904bdd2 to 0x0000024b1904bee4
Event: 64.491 Thread 0x0000024b70638ab0 Exception <a 'sun/nio/fs/WindowsException'{0x000000009e324f48}> (0x000000009e324f48) 
thrown [s\src\hotspot\share\prims\jni.cpp, line 516]
Event: 64.755 Thread 0x0000024b7063a910 Exception <a 'sun/nio/fs/WindowsException'{0x000000009828bcc8}> (0x000000009828bcc8) 
thrown [s\src\hotspot\share\prims\jni.cpp, line 516]
Event: 65.061 Thread 0x0000024b70638ab0 Exception <a 'sun/nio/fs/WindowsException'{0x00000000998cb088}> (0x00000000998cb088) 
thrown [s\src\hotspot\share\prims\jni.cpp, line 516]
Event: 65.949 Thread 0x0000024b7063ae20 Exception <a 'sun/nio/fs/WindowsException'{0x000000009f0213d0}> (0x000000009f0213d0) 
thrown [s\src\hotspot\share\prims\jni.cpp, line 516]
Event: 66.561 Thread 0x0000024b70638ab0 Implicit null exception at 0x0000024b199e552c to 0x0000024b199ed5f0

VM Operations (20 events):
Event: 65.404 Executing VM operation: G1CollectForAllocation done
Event: 65.632 Executing VM operation: G1CollectForAllocation
Event: 65.650 Executing VM operation: G1CollectForAllocation done
Event: 65.878 Executing VM operation: G1CollectForAllocation
Event: 65.899 Executing VM operation: G1CollectForAllocation done
Event: 66.101 Executing VM operation: G1CollectForAllocation
Event: 66.130 Executing VM operation: G1CollectForAllocation done
Event: 66.303 Executing VM operation: G1CollectForAllocation
Event: 66.423 Executing VM operation: G1CollectForAllocation done
Event: 66.797 Executing VM operation: HandshakeAllThreads
Event: 66.805 Executing VM operation: HandshakeAllThreads done
Event: 66.864 Executing VM operation: G1CollectForAllocation
Event: 66.894 Executing VM operation: G1CollectForAllocation done
Event: 67.181 Executing VM operation: HandshakeAllThreads
Event: 67.183 Executing VM operation: HandshakeAllThreads done
Event: 67.183 Executing VM operation: G1CollectForAllocation
Event: 67.223 Executing VM operation: G1CollectForAllocation done
Event: 67.542 Executing VM operation: G1CollectForAllocation
Event: 67.562 Executing VM operation: G1CollectForAllocation done
Event: 67.934 Executing VM operation: G1CollectForAllocation

Memory protections (0 events):
No events

Nmethod flushes (20 events):
Event: 67.285 Thread 0x0000024b277968c0 flushing  nmethod 0x0000024b14638010
Event: 67.285 Thread 0x0000024b277968c0 flushing  nmethod 0x0000024b14642790
Event: 67.286 Thread 0x0000024b277968c0 flushing  nmethod 0x0000024b14675210
Event: 67.286 Thread 0x0000024b277968c0 flushing  nmethod 0x0000024b146c1f90
Event: 67.286 Thread 0x0000024b277968c0 flushing  nmethod 0x0000024b146d0910
Event: 67.286 Thread 0x0000024b277968c0 flushing  nmethod 0x0000024b146d3510
Event: 67.286 Thread 0x0000024b277968c0 flushing  nmethod 0x0000024b146d3990
Event: 67.286 Thread 0x0000024b277968c0 flushing  nmethod 0x0000024b146f4d90
Event: 67.286 Thread 0x0000024b277968c0 flushing  nmethod 0x0000024b14702490
Event: 67.286 Thread 0x0000024b277968c0 flushing  nmethod 0x0000024b14708d10
Event: 67.286 Thread 0x0000024b277968c0 flushing  nmethod 0x0000024b14709590
Event: 67.286 Thread 0x0000024b277968c0 flushing  nmethod 0x0000024b1470a210
Event: 67.286 Thread 0x0000024b277968c0 flushing  nmethod 0x0000024b1470a810
Event: 67.286 Thread 0x0000024b277968c0 flushing  nmethod 0x0000024b1470cc10
Event: 67.286 Thread 0x0000024b277968c0 flushing  nmethod 0x0000024b1470d790
Event: 67.286 Thread 0x0000024b277968c0 flushing  nmethod 0x0000024b1470e710
Event: 67.287 Thread 0x0000024b277968c0 flushing  nmethod 0x0000024b1473f990
Event: 67.287 Thread 0x0000024b277968c0 flushing  nmethod 0x0000024b14744b10
Event: 67.287 Thread 0x0000024b277968c0 flushing  nmethod 0x0000024b14745090
Event: 67.287 Thread 0x0000024b277968c0 flushing  nmethod 0x0000024b1474b190

Events (20 events):
Event: 56.888 Thread 0x0000024b7df65440 Thread added: 0x0000024b70635810
Event: 56.889 Thread 0x0000024b7df65440 Thread added: 0x0000024b70636740
Event: 56.889 Thread 0x0000024b7df65440 Thread added: 0x0000024b706334a0
Event: 56.889 Thread 0x0000024b7df65440 Thread added: 0x0000024b70637160
Event: 56.890 Thread 0x0000024b7df65440 Thread added: 0x0000024b70637670
Event: 56.890 Thread 0x0000024b7df65440 Thread added: 0x0000024b70637b80
Event: 56.953 Thread 0x0000024b27785fa0 Thread added: 0x0000024b735897c0
Event: 56.953 Thread 0x0000024b27785fa0 Thread added: 0x0000024b73589d10
Event: 57.307 Thread 0x0000024b73589d10 Thread exited: 0x0000024b73589d10
Event: 57.518 Thread 0x0000024b74ab8670 Thread added: 0x0000024b706385a0
Event: 57.519 Thread 0x0000024b74ab8670 Thread added: 0x0000024b70634df0
Event: 57.519 Thread 0x0000024b74ab8670 Thread added: 0x0000024b70638fc0
Event: 57.519 Thread 0x0000024b74ab8670 Thread added: 0x0000024b7063ae20
Event: 57.520 Thread 0x0000024b74ab8670 Thread added: 0x0000024b706394d0
Event: 57.520 Thread 0x0000024b74ab8670 Thread added: 0x0000024b70638ab0
Event: 57.520 Thread 0x0000024b74ab8670 Thread added: 0x0000024b7063a910
Event: 58.352 Thread 0x0000024b735897c0 Thread exited: 0x0000024b735897c0
Event: 58.881 Thread 0x0000024b7dcd88b0 Thread exited: 0x0000024b7dcd88b0
Event: 59.220 Thread 0x0000024b27785fa0 Thread added: 0x0000024b73586d40
Event: 59.227 Thread 0x0000024b27785fa0 Thread added: 0x0000024b735897c0


Dynamic libraries:
0x00007ff674ec0000 - 0x00007ff674ece000 	C:\Program Files\Eclipse Adoptium\jdk-17.0.20.8-hotspot\bin\java.exe
0x00007ff87ac80000 - 0x00007ff87aee6000 	C:\WINDOWS\SYSTEM32\ntdll.dll
0x00007ff8789b0000 - 0x00007ff878a79000 	C:\WINDOWS\System32\KERNEL32.DLL
0x00007ff877ea0000 - 0x00007ff87829e000 	C:\WINDOWS\System32\KERNELBASE.dll
0x00007ff878850000 - 0x00007ff87899c000 	C:\WINDOWS\System32\ucrtbase.dll
0x00007ff860a40000 - 0x00007ff860a58000 	C:\Program Files\Eclipse Adoptium\jdk-17.0.20.8-hotspot\bin\jli.dll
0x00007ff860a20000 - 0x00007ff860a3e000 	C:\Program Files\Eclipse Adoptium\jdk-17.0.20.8-hotspot\bin\VCRUNTIME140.dll
0x00007ff879a10000 - 0x00007ff879bd7000 	C:\WINDOWS\System32\USER32.dll
0x00007ff8785f0000 - 0x00007ff878617000 	C:\WINDOWS\System32\win32u.dll
0x00007ff859100000 - 0x00007ff859392000 	C:\WINDOWS\WinSxS\amd64_microsoft.windows.common-controls_6595b64144ccf1df_6.0.26100.8875_none_3e0d5d42e32fe9dd\COMCTL32.dll
0x00007ff87a970000 - 0x00007ff87a99b000 	C:\WINDOWS\System32\GDI32.dll
0x00007ff879870000 - 0x00007ff879919000 	C:\WINDOWS\System32\msvcrt.dll
0x00007ff8784c0000 - 0x00007ff8785ea000 	C:\WINDOWS\System32\gdi32full.dll
0x00007ff878620000 - 0x00007ff8786c3000 	C:\WINDOWS\System32\msvcp_win.dll
0x00007ff879180000 - 0x00007ff8791b2000 	C:\WINDOWS\System32\IMM32.DLL
0x00007ff8748d0000 - 0x00007ff8748dc000 	C:\Program Files\Eclipse Adoptium\jdk-17.0.20.8-hotspot\bin\vcruntime140_1.dll
0x00007ff83e4f0000 - 0x00007ff83e57d000 	C:\Program Files\Eclipse Adoptium\jdk-17.0.20.8-hotspot\bin\msvcp140.dll
0x00007ffff4570000 - 0x00007ffff51dc000 	C:\Program Files\Eclipse Adoptium\jdk-17.0.20.8-hotspot\bin\server\jvm.dll
0x00007ff879d20000 - 0x00007ff879dd7000 	C:\WINDOWS\System32\ADVAPI32.dll
0x00007ff879de0000 - 0x00007ff879e8a000 	C:\WINDOWS\System32\sechost.dll
0x00007ff8791c0000 - 0x00007ff8792d8000 	C:\WINDOWS\System32\RPCRT4.dll
0x00007ff87a690000 - 0x00007ff87a710000 	C:\WINDOWS\System32\WS2_32.dll
0x00007ff877d00000 - 0x00007ff877d5e000 	C:\WINDOWS\SYSTEM32\POWRPROF.dll
0x00007ff869ab0000 - 0x00007ff869ae6000 	C:\WINDOWS\SYSTEM32\WINMM.dll
0x00007ff86f170000 - 0x00007ff86f17b000 	C:\WINDOWS\SYSTEM32\VERSION.dll
0x00007ff877ce0000 - 0x00007ff877cf4000 	C:\WINDOWS\SYSTEM32\UMPDC.dll
0x00007ff876b40000 - 0x00007ff876b5b000 	C:\WINDOWS\SYSTEM32\kernel.appcore.dll
0x00007ff861fa0000 - 0x00007ff861faa000 	C:\Program Files\Eclipse Adoptium\jdk-17.0.20.8-hotspot\bin\jimage.dll
0x00007ff875040000 - 0x00007ff875282000 	C:\WINDOWS\SYSTEM32\DBGHELP.DLL
0x00007ff8792e0000 - 0x00007ff879663000 	C:\WINDOWS\System32\combase.dll
0x00007ff879920000 - 0x00007ff8799f9000 	C:\WINDOWS\System32\OLEAUT32.dll
0x00007ff8514b0000 - 0x00007ff8514eb000 	C:\WINDOWS\SYSTEM32\dbgcore.DLL
0x00007ff878370000 - 0x00007ff87841c000 	C:\WINDOWS\System32\bcryptPrimitives.dll
0x00007ff85a060000 - 0x00007ff85a06e000 	C:\Program Files\Eclipse Adoptium\jdk-17.0.20.8-hotspot\bin\instrument.dll
0x00007ff853a10000 - 0x00007ff853a35000 	C:\Program Files\Eclipse Adoptium\jdk-17.0.20.8-hotspot\bin\java.dll
0x00007ff82eb30000 - 0x00007ff82ec07000 	C:\Program Files\Eclipse Adoptium\jdk-17.0.20.8-hotspot\bin\jsvml.dll
0x00007ff879ef0000 - 0x00007ff87a682000 	C:\WINDOWS\System32\SHELL32.dll
0x00007ff875900000 - 0x00007ff876192000 	C:\WINDOWS\SYSTEM32\windows.storage.dll
0x00007ff878a80000 - 0x00007ff878b77000 	C:\WINDOWS\System32\SHCORE.dll
0x00007ff8797f0000 - 0x00007ff879857000 	C:\WINDOWS\System32\shlwapi.dll
0x00007ff877dc0000 - 0x00007ff877de9000 	C:\WINDOWS\SYSTEM32\profapi.dll
0x00007ff8533c0000 - 0x00007ff8533d8000 	C:\Program Files\Eclipse Adoptium\jdk-17.0.20.8-hotspot\bin\zip.dll
0x00007ff857320000 - 0x00007ff85733a000 	C:\Program Files\Eclipse Adoptium\jdk-17.0.20.8-hotspot\bin\net.dll
0x00007ff870040000 - 0x00007ff870167000 	C:\WINDOWS\SYSTEM32\WINHTTP.dll
0x00007ff8770d0000 - 0x00007ff87713c000 	C:\WINDOWS\system32\mswsock.dll
0x00007ff853430000 - 0x00007ff853446000 	C:\Program Files\Eclipse Adoptium\jdk-17.0.20.8-hotspot\bin\nio.dll
0x00007ff861680000 - 0x00007ff861690000 	C:\Program Files\Eclipse Adoptium\jdk-17.0.20.8-hotspot\bin\verify.dll
0x00007ff851c00000 - 0x00007ff851c27000 	C:\Users\abcd\.gradle\native\1def1411415f61bf3af743bc5b6707747c0891f09f0c88961ee8f79bc544acac\windows-amd64\native-platform.dll
0x00007ff8361e0000 - 0x00007ff836258000 	C:\Users\abcd\.gradle\native\0.2.7\x86_64-windows-gnu\gradle-fileevents.dll
0x00007ff861620000 - 0x00007ff86162a000 	C:\Program Files\Eclipse Adoptium\jdk-17.0.20.8-hotspot\bin\management.dll
0x00007ff860f30000 - 0x00007ff860f3c000 	C:\Program Files\Eclipse Adoptium\jdk-17.0.20.8-hotspot\bin\management_ext.dll
0x00007ff879a00000 - 0x00007ff879a08000 	C:\WINDOWS\System32\PSAPI.DLL
0x00007ff876540000 - 0x00007ff876573000 	C:\WINDOWS\SYSTEM32\IPHLPAPI.DLL
0x00007ff879860000 - 0x00007ff87986a000 	C:\WINDOWS\System32\NSI.dll
0x00007ff8706e0000 - 0x00007ff8706fd000 	C:\WINDOWS\SYSTEM32\dhcpcsvc6.DLL
0x00007ff8706b0000 - 0x00007ff8706d5000 	C:\WINDOWS\SYSTEM32\dhcpcsvc.DLL
0x00007ff8765e0000 - 0x00007ff876736000 	C:\WINDOWS\SYSTEM32\DNSAPI.dll
0x00007ff876ef0000 - 0x00007ff876efd000 	C:\WINDOWS\SYSTEM32\DSPARSE.dll
0x00007ff860130000 - 0x00007ff860139000 	C:\Program Files\Eclipse Adoptium\jdk-17.0.20.8-hotspot\bin\extnet.dll
0x00007ff877500000 - 0x00007ff87751b000 	C:\WINDOWS\SYSTEM32\CRYPTSP.dll
0x00007ff876aa0000 - 0x00007ff876ad9000 	C:\WINDOWS\system32\rsaenh.dll
0x00007ff877190000 - 0x00007ff8771c2000 	C:\WINDOWS\SYSTEM32\USERENV.dll
0x00007ff877d90000 - 0x00007ff877dba000 	C:\WINDOWS\SYSTEM32\bcrypt.dll
0x00007ff877340000 - 0x00007ff87734c000 	C:\WINDOWS\SYSTEM32\CRYPTBASE.dll
0x00007ff8573e0000 - 0x00007ff8573ee000 	C:\Program Files\Eclipse Adoptium\jdk-17.0.20.8-hotspot\bin\sunmscapi.dll
0x00007ff8786d0000 - 0x00007ff878848000 	C:\WINDOWS\System32\CRYPT32.dll
0x00007ff877670000 - 0x00007ff8776a0000 	C:\WINDOWS\SYSTEM32\ncrypt.dll
0x00007ff877620000 - 0x00007ff87765f000 	C:\WINDOWS\SYSTEM32\NTASN1.dll
0x00007ff86ebc0000 - 0x00007ff86ebc8000 	C:\WINDOWS\system32\wshunix.dll
0x00007ff876c70000 - 0x00007ff876ca6000 	C:\WINDOWS\SYSTEM32\ntmarta.dll

dbghelp: loaded successfully - version: 4.0.5 - missing functions: none
symbol engine: initialized successfully - sym options: 0x614 - pdb path: .;C:\Program Files\Eclipse Adoptium\jdk-17.0.20.8-hotspot\bin;C:\WINDOWS\SYSTEM32;C:\WINDOWS\WinSxS\amd64_microsoft.windows.common-controls_6595b64144ccf1df_6.0.26100.8875_none_3e0d5d42e32fe9dd;C:\Program Files\Eclipse Adoptium\jdk-17.0.20.8-hotspot\bin\server;C:\Users\abcd\.gradle\native\1def1411415f61bf3af743bc5b6707747c0891f09f0c88961ee8f79bc544acac\windows-amd64;C:\Users\abcd\.gradle\native\0.2.7\x86_64-windows-gnu

VM Arguments:
jvm_args: --add-opens=java.base/java.lang=ALL-UNNAMED --add-opens=java.base/java.lang.invoke=ALL-UNNAMED --add-opens=java.base/java.util=ALL-UNNAMED --add-opens=java.prefs/java.util.prefs=ALL-UNNAMED --add-exports=jdk.compiler/com.sun.tools.javac.api=ALL-UNNAMED --add-exports=jdk.compiler/com.sun.tools.javac.util=ALL-UNNAMED --add-opens=java.base/java.util=ALL-UNNAMED --add-opens=java.prefs/java.util.prefs=ALL-UNNAMED --add-opens=java.base/java.nio.charset=ALL-UNNAMED --add-opens=java.base/java.net=ALL-UNNAMED --add-opens=java.base/java.util.concurrent.atomic=ALL-UNNAMED --add-opens=java.xml/javax.xml.namespace=ALL-UNNAMED -Xmx2048m -Dfile.encoding=UTF-8 -Duser.country=US -Duser.language=en -Duser.variant -javaagent:C:\Users\abcd\.gradle\wrapper\dists\gradle-8.13-bin\5xuhj0ry160q40clulazy9h7d\gradle-8.13\lib\agents\gradle-instrumentation-agent-8.13.jar 
java_command: org.gradle.launcher.daemon.bootstrap.GradleDaemon 8.13
java_class_path (initial): C:\Users\abcd\.gradle\wrapper\dists\gradle-8.13-bin\5xuhj0ry160q40clulazy9h7d\gradle-8.13\lib\gradle-daemon-main-8.13.jar
Launcher Type: SUN_STANDARD

[Global flags]
     intx CICompilerCount                          = 4                                         {product} {ergonomic}
     uint ConcGCThreads                            = 2                                         {product} {ergonomic}
     uint G1ConcRefinementThreads                  = 8                                         {product} {ergonomic}
   size_t G1HeapRegionSize                         = 1048576                                   {product} {ergonomic}
    uintx GCDrainStackTargetSize                   = 64                                        {product} {ergonomic}
   size_t InitialHeapSize                          = 264241152                                 {product} {ergonomic}
   size_t MarkStackSize                            = 4194304                                   {product} {ergonomic}
   size_t MaxHeapSize                              = 2147483648                                {product} {command line}
   size_t MaxNewSize                               = 1287651328                                {product} {ergonomic}
   size_t MinHeapDeltaBytes                        = 1048576                                   {product} {ergonomic}
   size_t MinHeapSize                              = 8388608                                   {product} {ergonomic}
    uintx NonNMethodCodeHeapSize                   = 5839372                                {pd product} {ergonomic}
    uintx NonProfiledCodeHeapSize                  = 122909434                              {pd product} {ergonomic}
    uintx ProfiledCodeHeapSize                     = 122909434                              {pd product} {ergonomic}
    uintx ReservedCodeCacheSize                    = 251658240                              {pd product} {ergonomic}
     bool SegmentedCodeCache                       = true                                      {product} {ergonomic}
   size_t SoftMaxHeapSize                          = 2147483648                             {manageable} {ergonomic}
     bool UseCompressedClassPointers               = true                           {product lp64_product} {ergonomic}
     bool UseCompressedOops                        = true                           {product lp64_product} {ergonomic}
     bool UseG1GC                                  = true                                      {product} {ergonomic}
     bool UseLargePagesIndividualAllocation        = false                                  {pd product} {ergonomic}

Logging:
Log output configuration:
 #0: stdout all=warning uptime,level,tags
 #1: stderr all=off uptime,level,tags

Environment Variables:
JAVA_HOME=C:\Program Files\Eclipse Adoptium\jdk-17.0.20.8-hotspot
CLASSPATH=D:\party-games\\gradle\wrapper\gradle-wrapper.jar
PATH=C:/Users/abcd/.gemini/antigravity-ide/bin;C:\Python314\Scripts\;C:\Python314\;C:\WINDOWS\system32;C:\WINDOWS;C:\WINDOWS\System32\Wbem;C:\WINDOWS\System32\WindowsPowerShell\v1.0\;C:\WINDOWS\System32\OpenSSH\;C:\ProgramData\chocolatey\bin;C:\Users\abcd\AppData\Local\nvm;C:\nvm4w\nodejs;C:\Program Files\nodejs\;C:\Program Files\Git\cmd;C:\Program Files\Docker\Docker\resources\bin;C:\Program Files\dotnet\;C:\Users\abcd\AppData\Local\pnpm;C:\Users\abcd\AppData\Local\Microsoft\WindowsApps;C:\Users\abcd\AppData\Local\nvm;C:\nvm4w\nodejs;C:\Users\abcd\AppData\Local\Microsoft\WindowsApps;C:\Users\abcd\AppData\Roaming\npm;C:\Users\abcd\AppData\Local\Google\Cloud SDK\google-cloud-sdk\bin;C:\Users\abcd\.local\bin;D:\Antigravity\bin;C:\Users\abcd\AppData\Local\Programs\Microsoft VS Code\bin;C:\Users\abcd\AppData\Local\Programs\Antigravity IDE\bin
USERNAME=abcd
OS=Windows_NT
PROCESSOR_IDENTIFIER=Intel64 Family 6 Model 140 Stepping 1, GenuineIntel
TMP=C:\Users\abcd\AppData\Local\Temp
TEMP=C:\Users\abcd\AppData\Local\Temp



Periodic native trim disabled


---------------  S Y S T E M  ---------------

OS:
 Windows 11 , 64 bit Build 26100 (10.0.26100.8875)
OS uptime: 2 days 3:10 hours
Hyper-V role detected

CPU: total 8 (initial active 8) (4 cores per cpu, 2 threads per core) family 6 model 140 stepping 1 microcode 0xb4, cx8, cmov, fxsr, ht, mmx, 3dnowpref, sse, sse2, sse3, ssse3, sse4.1, sse4.2, popcnt, lzcnt, tsc, tscinvbit, avx, avx2, aes, erms, clmul, bmi1, bmi2, adx, avx512f, avx512dq, avx512cd, avx512bw, avx512vl, sha, fma, vzeroupper, avx512_vpopcntdq, avx512_vpclmulqdq, avx512_vaes, avx512_vnni, clflush, clflushopt, clwb, avx512_vbmi2, avx512_vbmi, hv
Processor Information for all 8 processors :
  Max Mhz: 2995, Current Mhz: 1198, Mhz Limit: 1198

Memory: 4k page, system-wide physical 16087M (2241M free)
TotalPageFile size 28865M (AvailPageFile size 232M)
current process WorkingSet (physical memory assigned to process): 1251M, peak: 1263M
current process commit charge ("private bytes"): 1297M, peak: 1570M

vm_info: OpenJDK 64-Bit Server VM (17.0.20+8) for windows-amd64 JRE (17.0.20+8), built on Jul 22 2026 00:41:45 by "admin" with MS VC++ 17.12 (VS2022)

END.
